cazyfamily_name,cazyfamily_read_count,seq_amount,average_seq_length,FPKM
HMMER=-,73136,655,1151.575572519084,19054.118105217884
Hotpep=-,73916,663,1226.8778280542986,18075.371481497536
HMMER=GH3(89-309),608,1,2268.0,80.42862088370711
Hotpep=GH3(2)+CBM6(54),608,1,2268.0,80.42862088370711
Hotpep=CE1(5)+GH10(47),7,1,372.0,5.645536153923201
HMMER=GT83(4-516),460,1,1647.0,83.7942706790995
Hotpep=GT83(1),460,1,1647.0,83.7942706790995
HMMER=SLH(486-528),32,1,1698.0,5.654085678638886
Hotpep=GT4(7),329,1,1218.0,81.03986380557738
HMMER=GH13_26(24-308),676,1,2529.0,80.19512329545137
Hotpep=GH13(91)+GH77(24),676,1,2529.0,80.19512329545137
Hotpep=CBM32(68)+CBM56(5)+CBM6(28),116,1,1284.0,27.104603483989095
Hotpep=CBM50(14),346,3,667.0,155.63252290506813
HMMER=GH15(424-780),146,1,2361.0,18.552693144059834
Hotpep=GH15(11),146,1,2361.0,18.552693144059834
HMMER=GT2_Glycos_transf_2(8-177),186,1,996.0,56.02781663256657
Hotpep=CBM5(68),1096,9,865.6666666666666,379.8480944587167
HMMER=GT8(24-273),270,1,1011.0,80.12401459658703
Hotpep=GT8(2),270,1,1011.0,80.12401459658703
HMMER=GH43_10(20-289),434,1,1551.0,83.95141576665682
Hotpep=GH28(46)+GH43(7),434,1,1551.0,83.95141576665682
HMMER=GT51(54-229),709,1,2553.0,83.31928093139368
Hotpep=GT51(100),709,1,2553.0,83.31928093139368
HMMER=AA4(4-235),89,1,1392.0,19.182308188022308
HMMER=GH36(99-484),301,1,1665.0,54.23783562651984
Hotpep=GH36(20),301,1,1665.0,54.23783562651984
HMMER=GH2(42-919),790,1,3078.0,77.00316369233039
Hotpep=GH2(1)+CBM32(79)+CBM51(5)+CBM67(4),790,1,3078.0,77.00316369233039
HMMER=GH13_2(81-407),468,1,2550.0,55.0624796780624
Hotpep=CBM20(2),676,2,2343.0,86.56144550328487
HMMER=GH13_19(225-594),553,1,2028.0,81.81016592282793
Hotpep=GH13(33)+CBM25(7)+CBM26(3),553,1,2028.0,81.81016592282793
HMMER=CBM40(31-189),55,1,1716.0,9.616023119319738
Hotpep=GH123(7)+GH33(40)+CBM40(7),55,1,1716.0,9.616023119319738
HMMER=GH31(237-681),645,1,2364.0,81.85822726446295
Hotpep=GH31(2),645,1,2364.0,81.85822726446295
HMMER=GH19(34-183),175,1,615.0,85.37152232761915
Hotpep=GH19(5),514,3,619.0,249.12801221309655
HMMER=GH43_26(6-306),252,1,951.0,79.50054697512041
Hotpep=GH43(1)+CBM42(3),268,2,784.5,102.49246515551808
Hotpep=GT4(107),111,1,1269.0,26.24287727882437
Hotpep=CBM50(5),373,2,943.5,118.60882952135177
HMMER=GH161(1-1071),619,1,3225.0,57.5852190073793
Hotpep=GH161(1),619,1,3225.0,57.5852190073793
HMMER=GH23(40-163),130,1,537.0,72.63052099061612
Hotpep=GH23(39),130,1,537.0,72.63052099061612
HMMER=AA7(9-183),71,1,1299.0,16.39831748569445
HMMER=GH166(65-288),182,1,918.0,59.481073726301965
HMMER=CBM41(566-661)+CBM48(769-863)+GH13_14(939-1291)+GH13_41(1964-2273),211,1,7071.0,8.952652156569892
Hotpep=GH13(26)+CBM25(3)+CBM41(2)+CBM48(31)+CBM68(1),211,1,7071.0,8.952652156569892
Hotpep=GH18(83),1408,1,4641.0,91.02091127396432
HMMER=GH13_23(43-385),177,1,1650.0,32.18395519644323
Hotpep=GH13(16),180,2,952.5,56.69667804524898
HMMER=GH3(111-333),117,1,2421.0,14.49910400444642
Hotpep=GH3(7)+CBM6(3),117,1,2421.0,14.49910400444642
HMMER=GT9(78-304),307,1,1071.0,86.0001081662859
Hotpep=GT9(6),308,2,601.5,153.62616087683284
HMMER=GT4(264-406),76,1,1365.0,16.70440587584686
Hotpep=GT4(104),76,1,1365.0,16.70440587584686
HMMER=GT35(101-810),670,1,2448.0,82.11329546007346
Hotpep=GT35(8),670,1,2448.0,82.11329546007346
Hotpep=CBM5(49),1294,6,1717.0,226.10703447389164
HMMER=GH3(43-270),161,1,3000.0,16.10106911098897
Hotpep=GH3(24)+CBM6(3),161,1,3000.0,16.10106911098897
HMMER=GT56(64-318),229,1,1068.0,64.33011421621316
Hotpep=GT0(224),443,2,1072.5,123.92431249043328
HMMER=GT51(66-227),209,1,2187.0,28.67131392613633
Hotpep=GT51(45),209,1,2187.0,28.67131392613633
HMMER=GT4(199-352),110,1,1155.0,28.573325840264367
Hotpep=GH18(61),327,1,2988.0,32.83350544596643
HMMER=GH108(7-90),153,1,543.0,84.53599993072689
Hotpep=GH108(42),153,1,543.0,84.53599993072689
HMMER=GH42(7-368),345,1,1845.0,56.10128610100686
Hotpep=GH42(22),345,1,1845.0,56.10128610100686
HMMER=GT4(186-349),291,1,1146.0,76.18306902698758
Hotpep=GT4(28),291,1,1146.0,76.18306902698758
HMMER=GT26(62-231),203,1,741.0,82.19169234618556
Hotpep=GT26(1),203,1,741.0,82.19169234618556
HMMER=GT28(208-354),155,2,1153.5,40.31477052885155
Hotpep=GT28(72),300,4,1152.0,78.13018784447289
HMMER=GH5_25(73-333),189,1,1083.0,52.35804721145396
Hotpep=GH5(53)+CBM4(14),189,1,1083.0,52.35804721145396
HMMER=cohesin(109-218),55,1,684.0,24.12440887829338
Hotpep=CBM3(10),76,5,485.4,46.974688958654646
Hotpep=CBM50(35),336,1,1317.0,76.54266785455785
HMMER=GH73(165-297),239,1,951.0,75.39932828195944
Hotpep=GH73(1),239,1,951.0,75.39932828195944
HMMER=GH65(302-675),612,1,2271.0,80.85081103018003
Hotpep=GH65(2),1092,2,2284.5,143.4107043486414
HMMER=GH37(71-545),444,1,1650.0,80.73263337412878
Hotpep=GH37(1),894,2,1680.0,159.65345813247714
HMMER=CBM48(124-211)+GH13_9(274-574),537,1,2187.0,73.66744295854167
Hotpep=GH13(1)+CBM48(25),537,1,2187.0,73.66744295854167
HMMER=GH18(54-476),578,1,2130.0,81.41385658430255
Hotpep=GH18(9)+CBM5(3),578,1,2130.0,81.41385658430255
HMMER=GH25(157-335),125,1,1335.0,28.09175293284418
Hotpep=GH25(9),125,1,1335.0,28.09175293284418
HMMER=GH37(62-537),450,1,1710.0,78.95261087441469
HMMER=GT2_Glycos_transf_2(3-127),79,1,738.0,32.11595363753292
HMMER=GH13_16(34-388),164,1,1656.0,29.71211781215896
Hotpep=GH13(5),164,1,1656.0,29.71211781215896
HMMER=CE8(93-420),323,1,1284.0,75.4723010804179
Hotpep=CE8(1),327,2,795.0,123.40442046861345
HMMER=GH13_10(123-436),484,1,1785.0,81.34993945110561
Hotpep=GH13(8)+CBM48(4),531,2,1801.5,88.4321833041321
Hotpep=CBM50(17),524,3,720.0,218.34783162935352
Hotpep=CE11(8),117,2,393.0,89.31890787471951
HMMER=CBM2(42-141)+PL11(166-745),128,1,2241.0,17.13634534998452
Hotpep=CE12(12)+PL11(1)+CBM2(38)+CBM35(24),329,3,2407.0,41.0081238534247
Hotpep=CBM50(4),508,2,984.0,154.8883333658233
HMMER=GH125(25-419),140,1,1287.0,32.63619967769124
Hotpep=GH125(1),161,2,888.0,54.39550375334112
Hotpep=CBM13(103),263,3,1629.0,48.437838740264
HMMER=GH31(239-668),588,1,2319.0,76.07232157731444
Hotpep=GH31(1),706,4,1288.5,164.3880981403801
Hotpep=CBM2(61),119,1,1116.0,31.99137153889814
HMMER=GH73(12-141),246,2,1204.5,61.27430522656942
Hotpep=GH73(6),246,2,1204.5,61.27430522656942
HMMER=GH4(6-185),362,1,1356.0,80.09381380445785
Hotpep=GH4(1),365,2,837.0,130.83306007504564
Hotpep=GH38(8),418,4,812.25,154.39621682107762
HMMER=GH13(118-509),358,1,2007.0,53.51625901024103
HMMER=GT4(250-409),85,1,1350.0,18.890143194396995
Hotpep=GT4(17),87,2,802.5,32.52552418078692
HMMER=GH24(3-129),240,1,444.0,162.17293044474368
Hotpep=GH24(43),240,1,444.0,162.17293044474368
HMMER=AA7(48-234),103,1,1482.0,20.85158697452491
HMMER=GT51(67-242),157,1,1977.0,23.825557737822866
Hotpep=GT51(14),157,1,1977.0,23.825557737822866
HMMER=CE1(384-604),115,1,1890.0,18.25518039794668
HMMER=GH9(2-221),23,1,1356.0,5.088833473763897
Hotpep=GH9(7)+CBM3(6),164,9,939.0,52.39964547064456
HMMER=CE2(160-363),24,1,1110.0,6.486917217789747
Hotpep=CE2(3)+GH5(99),24,1,1110.0,6.486917217789747
HMMER=GT51(63-226),617,1,2316.0,79.9275869845219
Hotpep=GT51(7),622,2,1335.0,139.78456259383265
HMMER=CE4(51-154),268,1,924.0,87.01876505898693
HMMER=GH4(5-185),314,1,1353.0,69.62768314512314
Hotpep=GH4(3),460,2,1351.5,102.11554850793704
HMMER=GH19(83-340)+CBM73(535-585),442,1,1764.0,75.17505965117174
Hotpep=GH19(2)+CBM5(35)+CBM73(1),442,1,1764.0,75.17505965117174
HMMER=GH13_20(47-341),314,1,1446.0,65.14955414616294
Hotpep=GH13(27)+CBM34(2),314,1,1446.0,65.14955414616294
HMMER=GH1(5-474),422,1,1434.0,88.29038130977085
Hotpep=GH1(1),565,2,1429.5,118.58080136227237
HMMER=GH31(229-665),539,1,2037.0,79.38671457681698
Hotpep=GH31(3),907,3,1490.0,182.62957626829373
HMMER=GT51(148-318),248,1,2337.0,31.837800807894055
Hotpep=GT51(2),248,1,2337.0,31.837800807894055
HMMER=GH3(56-278),259,1,1026.0,75.73602302397558
Hotpep=GH3(1),259,1,1026.0,75.73602302397558
Hotpep=CBM5(56),801,1,2997.0,80.18550449767883
Hotpep=GT26(29),361,4,1271.25,85.19739752017469
HMMER=CBM9(791-962),532,1,2904.0,54.96232718447547
HMMER=GT4(193-342),107,1,1122.0,28.611525473740652
Hotpep=GT4(30),107,1,1122.0,28.611525473740652
HMMER=GT2_Glycos_transf_2(49-174),69,1,1134.0,18.25518039794668
Hotpep=CBM50(58),113,1,1170.0,28.976282999550147
HMMER=GT2_Glycos_transf_2(10-96),546,1,2637.0,62.12016573463618
Hotpep=GT2(246),546,1,2637.0,62.12016573463618
HMMER=GT4(225-365),346,1,1221.0,85.0179302028505
Hotpep=GT4(5),358,3,764.0,140.58525109103894
HMMER=CE4(222-366),291,1,1215.0,71.8566231316278
HMMER=GH13_29(25-364),147,1,1629.0,27.073620892847178
Hotpep=GH13(44),147,1,1629.0,27.073620892847178
HMMER=GH57(1-418),306,1,1584.0,57.958393891899874
Hotpep=GH57(1),352,2,1597.5,66.10767593465859
HMMER=GT2_Glycos_transf_2(13-150),21,1,822.0,7.6647425155453695
Hotpep=GT2(26),21,1,822.0,7.6647425155453695
HMMER=GH151(53-158),125,1,2028.0,18.492352152537958
HMMER=GT35(262-641),255,1,2499.0,30.614277685997536
Hotpep=GT35(2),355,4,1456.5,73.125349858967
HMMER=GH23(209-354),290,1,1086.0,80.11581692781307
Hotpep=GH23(4),290,1,1086.0,80.11581692781307
HMMER=GT2_Glycos_transf_2(34-179),47,1,819.0,17.21726044221058
Hotpep=GT2(61),47,1,819.0,17.21726044221058
HMMER=GH23(442-583),164,1,1770.0,27.79845598696906
HMMER=GT2_Glycos_transf_2(246-428),654,1,2544.0,77.1277627928834
Hotpep=GT2(4),654,1,2544.0,77.1277627928834
HMMER=GT51(53-218),399,1,2055.0,58.2520431181448
Hotpep=GT51(55),399,1,2055.0,58.2520431181448
HMMER=GH85(1-215)+CBM32(514-633),96,1,2796.0,10.301113178464409
Hotpep=GH85(7)+CBM32(12),96,1,2796.0,10.301113178464409
HMMER=GH38(7-269),723,1,2631.0,82.44561121868755
Hotpep=GH38(2),723,1,2631.0,82.44561121868755
HMMER=CE1(177-391),331,1,1215.0,81.73382218752165
HMMER=GH57(7-424)+GT4(739-888),89,1,2778.0,9.611869329635368
Hotpep=GH57(1)+GT4(69),89,1,2778.0,9.611869329635368
Hotpep=CE0(3),199,1,759.0,78.6613495958266
HMMER=GH73(51-185),68,1,570.0,35.791850263068
Hotpep=GH73(35),68,1,570.0,35.791850263068
Hotpep=GT4(4),348,1,1224.0,85.29978155255392
HMMER=GH31(215-657),364,1,2022.0,54.009520950292
HMMER=GH109(8-114),81,1,1044.0,23.277407688836057
HMMER=CE11(4-276),245,1,918.0,80.07067617002187
Hotpep=CE11(1),245,1,918.0,80.07067617002187
HMMER=GH63(30-414),129,1,1272.0,30.426548624715473
Hotpep=GH63(4),129,1,1272.0,30.426548624715473
HMMER=GH85(117-442)+CBM32(804-930),98,1,3408.0,8.627333418319258
Hotpep=GH85(1)+CBM32(4),98,1,3408.0,8.627333418319258
HMMER=CE9(407-772),134,1,2331.0,17.246962444123536
Hotpep=CE9(65),134,1,2331.0,17.246962444123536
HMMER=GT84(1306-1519)+GH94(1761-2856),550,1,8580.0,19.232046238639477
Hotpep=GH94(1)+GT84(1),601,3,3739.0,48.22465170232369
HMMER=GH13_2(79-394),208,1,2136.0,29.215423050157945
Hotpep=CBM50(103),299,6,834.5,107.49665245717192
HMMER=GT4(225-372)+GT4(661-802),623,1,2523.0,74.0833971399482
Hotpep=GT4(45),623,1,2523.0,74.0833971399482
HMMER=GT5(2-477),300,1,1455.0,61.85977759232491
Hotpep=GT5(6),300,1,1455.0,61.85977759232491
Hotpep=GH3(9),135,1,714.0,56.72645571228956
HMMER=GH112(6-730),59,1,2205.0,8.027743926550464
Hotpep=GH112(1),59,1,2205.0,8.027743926550464
HMMER=GT35(78-752),240,1,2265.0,31.790190338837174
Hotpep=GT35(1),925,7,1465.7142857142858,189.34005755993894
HMMER=GH84(1-194),51,1,1533.0,9.98109327296906
Hotpep=CBM32(64),51,1,1533.0,9.98109327296906
HMMER=GH3(120-346),97,1,1677.0,17.353567303702597
Hotpep=GH3(34),97,1,1677.0,17.353567303702597
HMMER=GT4(228-385),36,1,1245.0,8.675274833429663
HMMER=GH18(178-413),80,1,1284.0,18.692829988957996
Hotpep=GH18(4)+CBM50(27),80,1,1284.0,18.692829988957996
HMMER=CE8(44-214),10,1,645.0,4.6514716484151295
Hotpep=CE8(28),17,2,535.5,9.52444194675479
Hotpep=GH2(37),52,1,1518.0,10.277362258751214
HMMER=GT4(211-351),76,1,1200.0,19.001261683775805
Hotpep=CBM48(59),1093,3,1992.0,164.61936446073994
Hotpep=GH3(9)+CBM6(3),147,3,968.0,45.56087648186782
Hotpep=CBM3(17),42,3,680.0,18.53064219934792
HMMER=GT28(185-341),292,1,1068.0,82.027918563905
Hotpep=GT28(1),292,1,1068.0,82.027918563905
HMMER=GT4(685-848),277,1,2700.0,30.77982155792922
HMMER=GT84(445-659),55,1,3204.0,5.150154704354766
Hotpep=GT84(1),55,1,3204.0,5.150154704354766
HMMER=GH20(124-438),51,1,1833.0,8.347526452515858
Hotpep=GH20(25),51,1,1833.0,8.347526452515858
HMMER=GH38(266-525),307,1,3189.0,28.8824446052343
Hotpep=GH38(25),412,2,3129.0,39.504061228821875
HMMER=GH4(8-184),285,1,1410.0,60.64232452268874
Hotpep=GH4(15),558,2,1414.5,118.35356387282354
HMMER=GH43_12(140-413),121,1,1839.0,19.74029933662636
Hotpep=GH43(5),121,1,1839.0,19.74029933662636
Hotpep=CBM50(47),18,1,627.0,8.613012095390694
HMMER=GT51(204-374),679,1,2523.0,80.74257890533681
Hotpep=GT51(72),679,1,2523.0,80.74257890533681
HMMER=GH77(146-683),563,1,2079.0,81.24637600034767
Hotpep=GH77(1),563,1,2079.0,81.24637600034767
HMMER=GT2_Glycos_transf_2(276-446),753,1,2625.0,86.06285743087628
Hotpep=GT2(5),753,1,2625.0,86.06285743087628
HMMER=GH109(4-113),261,1,1017.0,76.99626299434071
HMMER=GH88(64-391),141,1,1200.0,35.25234075542617
Hotpep=GH88(1),181,3,789.0,68.82586281295617
HMMER=CE1(11-144),44,1,498.0,26.507784213257302
HMMER=GT28(193-339),207,1,1056.0,58.81072321383958
HMMER=GH23(104-247),365,1,1368.0,80.04917491433712
Hotpep=GH23(1)+CBM50(2),365,1,1368.0,80.04917491433712
HMMER=GT35(92-795),658,1,2394.0,82.46161580216646
Hotpep=GT35(12),658,1,2394.0,82.46161580216646
Hotpep=GT0(93),964,9,966.0,299.3987620653788
Hotpep=CBM3(28),18,1,780.0,6.923536645910212
HMMER=PL1(99-270)+CBM35(430-502),42,1,1524.0,8.268265548265475
Hotpep=PL1(55),42,1,1524.0,8.268265548265475
HMMER=PL11(451-861),160,1,2613.0,18.370909839894427
HMMER=GH13_18(84-426),149,1,1668.0,26.8003406937012
Hotpep=GH13(74),612,2,1675.5,109.58650662461284
HMMER=GH20(126-420),385,1,1869.0,61.8018564522572
Hotpep=GH20(43),385,1,1869.0,61.8018564522572
HMMER=CBM41(144-241)+GH13_13(536-931),332,1,3354.0,29.697857447573515
Hotpep=GH13(4)+CBM25(3)+CBM41(1)+CBM48(3)+CBM68(1),332,1,3354.0,29.697857447573515
HMMER=GH10(56-360)+CBM2(382-435),75,1,1308.0,17.20297714006742
Hotpep=GH10(53)+CBM1(2)+CBM2(23)+CBM22(2),75,1,1308.0,17.20297714006742
HMMER=GH18(162-372),28,1,1257.0,6.683021318247991
HMMER=GT28(169-315),33,1,1035.0,9.565852563914593
HMMER=GH38(248-503),510,1,3096.0,49.421886264410745
Hotpep=GH38(1),551,2,2295.0,72.03092664437887
HMMER=CE4(44-163),19,1,807.0,7.063666053448253
Hotpep=CE4(79),76,3,862.0,26.451872413609006
HMMER=GH13_20(53-366),161,1,1461.0,33.06174355439214
Hotpep=GH13(27)+CBM34(5),161,1,1461.0,33.06174355439214
HMMER=AA4(35-218),141,1,1344.0,31.475304245916217
Hotpep=GH76(11),4,1,393.0,3.053637876058787
HMMER=CBM48(16-108)+GH13_11(188-536),554,1,2076.0,80.06311965935348
Hotpep=GH13(2)+GH77(11)+CBM41(1)+CBM48(1),554,1,2076.0,80.06311965935348
Hotpep=CBM50(98),95,1,1428.0,19.959308491361142
HMMER=GH126(55-375),38,1,1143.0,9.974415582034542
Hotpep=GH126(5),38,1,1143.0,9.974415582034542
HMMER=AA3(4-565),49,1,1704.0,8.627333418319258
HMMER=GH16_3(48-284),158,1,876.0,54.113182156391076
Hotpep=GH16(2)+CBM32(48)+CBM4(2)+CBM54(1)+CBM56(8)+CBM6(40),158,1,876.0,54.113182156391076
Hotpep=GH73(109),334,2,1569.0,63.86657343646089
HMMER=CE1(152-386),237,1,1179.0,60.30934805216104
HMMER=GH1(1-458),443,2,1381.5,96.20617093448405
Hotpep=GH1(6),570,2,1392.0,122.85298502441253
HMMER=CE13(27-203),102,1,1050.0,29.14479235706965
HMMER=CE9(11-376),128,1,1149.0,33.422584794878425
Hotpep=CE9(18),128,1,1149.0,33.422584794878425
HMMER=GH23(299-448),401,1,1545.0,77.8692481879826
Hotpep=GH23(3),401,1,1545.0,77.8692481879826
HMMER=cohesin(108-261),14,1,807.0,5.204806565698713
HMMER=GH101(495-979),86,1,3048.0,8.465129013700368
Hotpep=GH101(3),94,2,1722.0,16.377394079175918
HMMER=GT28(182-322),120,1,1074.0,33.5217789187459
Hotpep=GT28(71),120,1,1074.0,33.5217789187459
HMMER=GH65(313-716),140,1,2367.0,17.74515799965721
Hotpep=GH65(4),140,1,2367.0,17.74515799965721
Hotpep=GT1(20),345,8,738.0,140.25321525251718
HMMER=AA4(43-248),92,1,1401.0,19.701522313843952
HMMER=AA7(27-247),35,1,1347.0,7.795617851742505
HMMER=GH18(173-427),81,1,1323.0,18.36856661159852
HMMER=GH33(23-269),56,1,1512.0,11.111848937880588
Hotpep=GH33(24)+CBM32(50)+CBM40(4),95,2,1336.5,21.32577068886173
HMMER=GH3(116-341),84,1,1227.0,20.539261117451645
Hotpep=GH3(14),84,1,1227.0,20.539261117451645
Hotpep=CBM32(54)+CBM51(8),241,6,1554.5,46.51322035303247
HMMER=GH20(134-481),85,1,1581.0,16.130103296923433
Hotpep=GH20(37)+CBM32(109)+CBM5(44),85,1,1581.0,16.130103296923433
HMMER=GH3(117-339),217,1,2211.0,29.44564582860351
Hotpep=GH3(2)+CBM11(1)+CBM2(43)+CBM6(54),217,1,2211.0,29.44564582860351
HMMER=GT51(90-277),245,1,2301.0,31.944754769265572
Hotpep=GT51(11),245,1,2301.0,31.944754769265572
HMMER=GH94(4-785),458,1,2367.0,58.052016884592874
Hotpep=GH94(10)+GT84(1),458,1,2367.0,58.052016884592874
HMMER=GT26(59-223),72,1,741.0,29.151733245937738
Hotpep=GT26(43),72,1,741.0,29.151733245937738
HMMER=GT2_Glycos_transf_2(7-172),326,3,986.0,99.19522753673928
HMMER=GT51(63-240),239,1,2166.0,33.104691226289674
Hotpep=GT51(5),239,1,2166.0,33.104691226289674
HMMER=GH35(56-450),421,1,2253.0,56.062311086057974
Hotpep=GH35(22),421,1,2253.0,56.062311086057974
Hotpep=CBM5(74),151,1,1548.0,29.26550912127852
Hotpep=CE11(17),149,5,430.8,103.76733583355059
HMMER=GT2_Glycos_transf_2(3-113),76,1,813.0,28.046142706680154
Hotpep=GT4(189),344,1,1212.0,85.15416908831261
HMMER=GH18(47-295),60,1,2211.0,8.141653224498667
HMMER=GH13_29(28-370),436,1,1653.0,79.1341111292984
Hotpep=GH13(3),640,5,1073.4,178.88275540020172
HMMER=GH130(6-294),198,1,891.0,66.67109362728353
Hotpep=GH130(6),370,2,889.5,124.79749397349866
HMMER=GH19(21-187),166,1,627.0,79.43111154638085
HMMER=CE14(58-214),96,1,951.0,30.285922657188728
HMMER=GH2(38-421),133,1,2169.0,18.3967955444579
HMMER=CBM3(235-305),22,1,915.0,7.213593736722479
HMMER=CBM48(237-328)+GH13_9(389-688),172,1,2520.0,20.477550185522798
Hotpep=GH13(1)+CBM48(2),256,5,1288.2,59.622030630826444
HMMER=CBM34(5-114)+GH13_21(177-491),467,1,1818.0,77.0678235741124
Hotpep=GH13(21)+CBM20(8)+CBM34(1)+CBM48(57),467,1,1818.0,77.0678235741124
HMMER=AA7(42-242),159,1,1464.0,32.58413079939984
Hotpep=CBM32(66),248,2,2154.0,34.54268360633631
HMMER=CE4(353-472),94,1,1746.0,16.152275260218172
HMMER=GT5(2-474),355,1,1434.0,74.2727141349968
Hotpep=GT5(2),366,2,999.0,109.9172084125485
HMMER=GT35(103-822),444,1,2478.0,53.756596072361766
HMMER=GT2_Glycos_transf_2(9-105),71,1,1131.0,18.83414183370211
Hotpep=GT2(46),71,1,1131.0,18.83414183370211
HMMER=GH4(3-181),146,1,1350.0,32.446598898611306
HMMER=PL8(1-221),58,1,1590.0,10.94412291617673
Hotpep=PL8(4)+CBM70(3),58,1,1590.0,10.94412291617673
HMMER=CE4(214-332),140,1,1242.0,33.81867068050613
Hotpep=CE4(140),140,1,1242.0,33.81867068050613
HMMER=GH23(41-153),58,1,477.0,36.480409720589094
Hotpep=GH23(143),102,2,471.0,64.97246703805337
Hotpep=GH32(18),43,2,667.5,19.327126017796797
HMMER=GH1(28-327),18,1,1026.0,5.2635073916276465
Hotpep=GH1(24),18,1,1026.0,5.2635073916276465
HMMER=CBM41(95-193)+CBM41(204-307)+GH13_12(568-901),357,1,3498.0,30.61952884855088
Hotpep=GH13(17)+CBM41(2)+CBM48(8),357,1,3498.0,30.61952884855088
HMMER=GT51(141-326),147,1,2745.0,16.06664059542734
Hotpep=GT51(32),147,1,2745.0,16.06664059542734
HMMER=GH16_21(41-235),16,1,711.0,6.7515031521299775
Hotpep=GH16(3),16,1,711.0,6.7515031521299775
HMMER=GH30_3(78-493),320,1,1488.0,64.52041318769372
Hotpep=GH30(33),320,1,1488.0,64.52041318769372
Hotpep=GT4(27),104,1,999.0,31.23330512269138
HMMER=CBM48(11-99)+GH13_11(173-521),484,1,1977.0,73.44949009621826
Hotpep=GH13(2)+GH77(11)+CBM48(1),489,2,1144.5,128.18675537513096
HMMER=CE1(58-274),17,1,846.0,6.028769104594787
Hotpep=CE1(30)+GH10(47),27,2,730.5,11.089031999609784
HMMER=GT4(217-371),345,2,1227.0,84.35767958953353
Hotpep=GT2(228),33,1,900.0,11.00073044850178
HMMER=GH130(24-321),163,1,975.0,50.15717659037176
Hotpep=GH130(1),163,1,975.0,50.15717659037176
HMMER=CE4(234-347),143,1,1275.0,33.64929313659369
Hotpep=CE4(7),143,1,1275.0,33.64929313659369
HMMER=CE14(8-142),50,1,879.0,17.065979597427525
Hotpep=CE14(1),91,2,864.0,31.59932041709792
HMMER=GT4(277-430),253,1,1392.0,54.52948282662521
Hotpep=GT4(146),253,1,1392.0,54.52948282662521
Hotpep=GH6(1)+CBM2(3)+CBM3(5),132,3,490.0,80.8216930910335
HMMER=GT2_Glycos_transf_2(68-237),154,1,1260.0,36.66910149500594
HMMER=AA5(92-591),183,1,1782.0,30.81012660048708
HMMER=GT19(9-366),304,1,1149.0,79.37863888783625
Hotpep=GT19(1),304,1,1149.0,79.37863888783625
HMMER=GT4(222-372),111,1,1275.0,26.11938138574755
Hotpep=GT4(13),187,2,1204.5,46.57843527385562
HMMER=AA4(4-240),79,1,1377.0,17.212471884167968
HMMER=CE4(35-140),112,1,1194.0,28.142572184380985
Hotpep=CE4(50),112,1,1194.0,28.142572184380985
HMMER=GT4(205-351),273,1,1146.0,71.4707142418131
Hotpep=GT4(118),273,1,1146.0,71.4707142418131
Hotpep=GH42(4),5,1,393.0,3.8170473450734836
HMMER=GH9(100-497),24,1,1518.0,4.743397965577484
Hotpep=GH9(21),29,2,963.0,9.034867827996365
HMMER=GT4(208-361),147,1,2427.0,18.17178757084798
Hotpep=GT4(48),147,1,2427.0,18.17178757084798
HMMER=GT2_Glycos_transf_2(58-165),207,1,1131.0,54.91080788135685
Hotpep=GT2(174),207,1,1131.0,54.91080788135685
HMMER=GH2(1-694),392,1,3417.0,34.418439905919854
Hotpep=GH2(6)+CBM32(36)+CBM67(7)+CBM71(1),447,2,2550.0,52.59172738481601
HMMER=GT28(214-377),66,1,1176.0,16.837852727298646
Hotpep=GT28(23),66,1,1176.0,16.837852727298646
HMMER=GT4(220-377),246,1,1221.0,60.44627407485902
HMMER=PL12(396-534),149,1,1773.0,25.21318007732296
Hotpep=PL0(21),149,1,1773.0,25.21318007732296
HMMER=CE9(25-396),330,1,1215.0,81.4868922111243
Hotpep=CE9(1),330,1,1215.0,81.4868922111243
HMMER=GT2_Glycos_transf_2(9-143),241,1,843.0,85.77081973759073
Hotpep=GT2(19),241,1,843.0,85.77081973759073
HMMER=GT2_Glycos_transf_2(5-125),58,1,639.0,27.23185514353834
HMMER=GT4(258-421),289,1,1428.0,60.71831741056179
HMMER=GT28(209-354),74,1,1152.0,19.272113001636644
HMMER=GT4(228-380)+GT2_Glycos_transf_2(455-577),83,1,2331.0,10.6828200213601
HMMER=GT4(188-339),370,2,1125.0,98.67321856837961
Hotpep=GT4(18),290,1,1116.0,77.96216593512992
HMMER=GT4(193-338),126,1,1122.0,33.69207672608712
HMMER=GT9(70-306),264,1,1047.0,75.64972228196068
Hotpep=GT9(1),264,1,1047.0,75.64972228196068
HMMER=GH8(26-344),284,1,1110.0,76.76185374384534
Hotpep=GH8(1),284,1,1110.0,76.76185374384534
HMMER=GT4(666-823),76,1,2580.0,8.837796131988746
HMMER=GT4(168-298),68,1,996.0,20.48328780115337
HMMER=GH105(60-376),295,1,1140.0,77.6367340265078
Hotpep=GH105(1),295,1,1140.0,77.6367340265078
HMMER=CBM35(441-557),31,1,1680.0,5.536081881551221
Hotpep=GH39(52)+CBM35(55),31,1,1680.0,5.536081881551221
HMMER=GT19(142-370),108,1,1170.0,27.69414658364085
Hotpep=CBM50(36),286,2,1053.0,81.48689221112431
HMMER=GH31(151-614),448,1,2169.0,61.96815341291082
Hotpep=GH31(16),518,2,2158.5,71.99922133203516
HMMER=GH13_21(162-466),165,1,1731.0,28.598086087959565
Hotpep=GH13(21)+GH77(17)+CBM20(8)+CBM34(1)+CBM48(60),165,1,1731.0,28.598086087959565
HMMER=GT32(1-73),19,1,915.0,6.2299218635330496
Hotpep=GT32(51),19,1,915.0,6.2299218635330496
HMMER=GT4(204-349),121,1,1134.0,32.01270765437027
HMMER=GH77(10-478),151,1,1494.0,30.323298607589795
Hotpep=GH77(4),345,3,1497.0,69.14286763951748
HMMER=GT30(33-211),350,1,1278.0,82.16508017446913
Hotpep=GT30(1),350,1,1278.0,82.16508017446913
HMMER=GH13_20(280-588),206,1,2112.0,29.26330671992984
Hotpep=CBM48(56),206,1,2112.0,29.26330671992984
HMMER=GT51(78-247),155,1,2658.0,17.495518361561423
Hotpep=GT51(66),212,2,2278.5,27.914954277124632
HMMER=GT8(3-275),286,1,1014.0,84.6210034500137
Hotpep=GT8(1),286,1,1014.0,84.6210034500137
HMMER=GH38(237-504),30,1,1641.0,5.484824887070856
Hotpep=GH38(5),30,1,1641.0,5.484824887070856
HMMER=GT35(119-386),31,1,1158.0,8.031621382561358
HMMER=GH1(7-463),170,1,1401.0,36.404986884276866
HMMER=GT56(1-352),263,1,1080.0,73.06040676656485
Hotpep=GT56(1),263,1,1080.0,73.06040676656485
HMMER=GH2(47-529),55,1,1683.0,9.804572592247576
HMMER=GH84(132-438),198,1,1695.0,35.04657488018267
Hotpep=GH84(2),198,1,1695.0,35.04657488018267
Hotpep=GT2(23),11,1,534.0,6.180185645225719
HMMER=GH144(33-416),217,1,1263.0,51.54736573795912
HMMER=GT4(64-205),33,1,720.0,13.750913060627227
HMMER=GT4(199-342),67,1,1119.0,17.96365927491151
HMMER=GH78(70-515),426,1,1563.0,81.77126454478727
Hotpep=GH78(2),426,1,1563.0,81.77126454478727
HMMER=GH3(47-262),383,1,2145.0,53.569990613810326
Hotpep=GH3(4),395,3,994.0,119.22320817152561
HMMER=cohesin(120-221),20,1,792.0,7.576260639464036
HMMER=GH65(312-700),480,1,2298.0,62.66734649039704
HMMER=GT2_Glycos_transf_2(5-172),81,1,999.0,24.325939566711554
HMMER=GT20(4-451),364,1,1422.0,76.7983483554785
Hotpep=GT20(1),364,1,1422.0,76.7983483554785
HMMER=GT4(197-341),220,1,1218.0,54.19079038670828
Hotpep=GT4(55),220,1,1218.0,54.19079038670828
Hotpep=CBM50(37),54,1,651.0,24.886445086681867
HMMER=GH57(5-417),157,1,1545.0,30.487461260631594
Hotpep=GH57(20),157,1,1545.0,30.487461260631594
HMMER=CE4(46-168),38,1,741.0,15.385636990911584
HMMER=GH1(3-461),133,1,1443.0,27.65256378096271
Hotpep=GH1(14),176,2,1411.5,37.409497805744635
HMMER=GH44(6-375),20,1,1134.0,5.291356637085994
Hotpep=GH44(1)+CBM2(46)+CBM44(1)+CBM76(1),20,1,1134.0,5.291356637085994
HMMER=GH23(509-634),568,1,1974.0,86.32792062377744
Hotpep=GH23(2),571,2,1150.5,148.90167325102564
HMMER=GH13_36(381-699),484,1,2625.0,55.31795882675181
Hotpep=GH13(12),484,1,2625.0,55.31795882675181
Hotpep=CBM6(53),59,2,744.0,23.791902362962063
HMMER=CBM4(50-186)+CBM4(231-369),215,1,1164.0,55.41605075979108
Hotpep=CBM4(10),215,1,1164.0,55.41605075979108
HMMER=GH13_31(2-153),18,1,759.0,7.115096948366225
Hotpep=GH13(46),18,1,759.0,7.115096948366225
HMMER=CE1(378-594),164,1,1863.0,26.41077138858574
HMMER=GH20(219-547)+CBM32(778-902),106,1,3429.0,9.274456593821592
Hotpep=GH20(24)+CBM32(12),106,1,3429.0,9.274456593821592
HMMER=GH9(10-235),21,1,1047.0,6.017591545155963
HMMER=GT4(217-364),134,1,1254.0,32.05954502173203
HMMER=GT9(94-302),52,1,1077.0,14.485641512334581
Hotpep=GT9(31),52,1,1077.0,14.485641512334581
Hotpep=CBM13(1),76,1,276.0,82.61418123380784
HMMER=GT26(56-213),138,1,732.0,56.561132708392165
Hotpep=GT26(32),138,1,732.0,56.561132708392165
HMMER=GH13_31(28-359),143,1,1614.0,26.58169067481843
HMMER=GT4(183-332),278,1,1086.0,76.80067967562769
Hotpep=GT4(35),278,1,1086.0,76.80067967562769
HMMER=CBM50(32-73),19,1,621.0,9.179353470423093
HMMER=GH28(33-357),377,1,1365.0,82.86264493676666
Hotpep=GH28(12),377,1,1365.0,82.86264493676666
HMMER=CBM5(34-72)+GH19(93-295),48,1,888.0,16.21729304447437
Hotpep=GH19(3)+CBM12(4)+CBM13(71)+CBM18(2)+CBM5(21),48,1,888.0,16.21729304447437
Hotpep=GT0(160),80,1,1053.0,22.793536282831973
Hotpep=GT35(4),39,1,1047.0,11.175527155289647
HMMER=GT4(188-348),313,1,1143.0,82.15768624149504
Hotpep=GT4(76),313,1,1143.0,82.15768624149504
HMMER=GH144(6-394),225,1,1200.0,56.253735248020476
HMMER=GT2_Glyco_tranf_2_3(14-229),122,1,999.0,36.6390694708495
HMMER=GH109(10-124),278,1,1056.0,78.98251716641258
HMMER=GH65(333-711),58,1,2343.0,7.4268695846013655
Hotpep=GH65(18),58,1,2343.0,7.4268695846013655
HMMER=GH18(2-190),18,1,675.0,8.000531235274021
HMMER=GH109(7-124),217,1,1107.0,58.81149315902652
HMMER=GT9(77-294),245,1,954.0,77.04914122020973
Hotpep=GT9(2),245,1,954.0,77.04914122020973
Hotpep=GH0(91),171,1,1494.0,34.33962954899241
HMMER=GH1(2-449),274,1,1398.0,58.80218772706766
Hotpep=GH1(49),274,1,1398.0,58.80218772706766
HMMER=GH32(37-340),139,1,1440.0,28.96025629435128
Hotpep=GH32(2),139,1,1440.0,28.96025629435128
HMMER=GH57(38-329),74,1,2433.0,9.12514351742105
Hotpep=GH57(4),74,1,2433.0,9.12514351742105
HMMER=GH13(162-449),325,1,1719.0,56.72278908080404
HMMER=GH9(31-213),13,1,642.0,6.075169746411349
HMMER=GT4(292-403),273,1,1371.0,59.74138477105602
HMMER=GH13_30(27-390),99,1,1620.0,18.334550747502966
Hotpep=GH13(7),352,3,1607.0,65.71687137872875
HMMER=CE1(60-258),93,1,1254.0,22.25028124642596
Hotpep=CE1(51),93,1,1254.0,22.25028124642596
HMMER=GH13(345-716),395,1,3645.0,32.51244689231727
HMMER=GT4(235-367),36,1,1221.0,8.84579620607693
HMMER=GH31(67-311)+CBM32(599-721),96,1,3795.0,7.589436744923973
Hotpep=GH31(15)+CBM32(38),96,1,3795.0,7.589436744923973
HMMER=GH104(6-160),136,1,498.0,81.93315120461348
Hotpep=GH104(2),136,1,498.0,81.93315120461348
HMMER=GH4(5-182),273,1,1419.0,57.720534546242284
HMMER=GH13_14(151-477),64,1,1878.0,10.22432106744284
Hotpep=GH13(42)+CBM25(3)+CBM41(7)+CBM48(3),64,1,1878.0,10.22432106744284
HMMER=GH31(140-621),70,1,2148.0,9.777185517967554
Hotpep=CBM3(29),27,2,711.0,11.393161569219338
HMMER=GH31(225-669),85,1,2241.0,11.379604333974095
Hotpep=GH31(5),85,1,2241.0,11.379604333974095
HMMER=GH39(285-495),50,1,1626.0,9.225704837723734
Hotpep=GH0(47),50,1,1626.0,9.225704837723734
HMMER=AA6(2-152),37,1,480.0,23.126535601963973
HMMER=GH42(24-408),194,1,1995.0,29.174869542164668
Hotpep=GH42(5),194,1,1995.0,29.174869542164668
HMMER=GT73(18-257),243,1,810.0,90.00597639683275
Hotpep=GT73(1),243,1,810.0,90.00597639683275
HMMER=CE4(130-240),60,1,1020.0,17.648230666045638
Hotpep=CE4(137),60,1,1020.0,17.648230666045638
Hotpep=GH36(27)+CBM32(71),52,1,1716.0,9.091512767356845
HMMER=GT2_Glycos_transf_2(11-171),296,1,984.0,90.24989503205452
Hotpep=GT2(6),296,1,984.0,90.24989503205452
HMMER=GT2_Glycos_transf_2(11-124),178,1,1011.0,52.822498511824044
HMMER=CE4(142-259),39,1,1026.0,11.404266015193233
HMMER=CE14(6-111),71,1,678.0,31.418015359759707
Hotpep=CE14(15),71,1,678.0,31.418015359759707
HMMER=GT2_Glycos_transf_2(16-179),18,1,870.0,6.207308717022948
HMMER=GT81(3-251),98,1,990.0,29.698941706699024
HMMER=CE1(123-353),62,1,1113.0,16.712700019777273
HMMER=GH18(379-672),141,1,2049.0,20.645587558082674
HMMER=GT4(189-342),321,1,1116.0,86.29605263854036
Hotpep=GT4(2),321,1,1116.0,86.29605263854036
HMMER=GH38(261-519),105,1,3069.0,10.264611188951276
HMMER=GT4(184-325),103,1,1086.0,28.454928081257744
Hotpep=GT4(34),180,2,1183.5,45.63040628483283
HMMER=GH42(10-380),128,1,2004.0,19.162949066524604
Hotpep=GH42(13),128,1,2004.0,19.162949066524604
HMMER=GH5(54-285),311,1,1047.0,89.1176652639764
Hotpep=GH0(3),311,1,1047.0,89.1176652639764
HMMER=GT2_Glycos_transf_2(6-131),77,1,894.0,25.84064199312499
HMMER=GT28(191-343),140,1,1083.0,38.78373867515108
Hotpep=GT28(4),172,2,1078.5,47.84740516227858
HMMER=CBM41(31-129)+GH13_14(391-708),480,1,2550.0,56.47433813134605
Hotpep=GH13(47)+CBM41(3)+CBM48(15),480,1,2550.0,56.47433813134605
HMMER=PL1_6(133-342),57,1,1284.0,13.318641367132573
Hotpep=PL1(38),57,1,1284.0,13.318641367132573
HMMER=GH23(58-188),20,1,582.0,10.309962932054153
HMMER=CE1(22-210),42,1,870.0,14.483720339720213
HMMER=GT26(55-221),40,1,717.0,16.737513044506322
Hotpep=GT26(52),65,2,727.5,26.805903623340797
HMMER=PL16(65-337),117,1,1014.0,34.61768322955106
Hotpep=PL16(1),341,3,794.0,128.8498654547438
Hotpep=GT53(1),6,1,660.0,2.7274538302070535
HMMER=GH2(4-722),123,1,2475.0,14.910080938465223
Hotpep=GH2(13),123,1,2475.0,14.910080938465223
HMMER=GT2_Glycos_transf_2(5-167),80,1,927.0,25.891686845546996
Hotpep=GT2(18),80,1,927.0,25.891686845546996
HMMER=GH23(38-197),168,1,612.0,82.35840977487965
Hotpep=GH23(10),168,1,612.0,82.35840977487965
HMMER=GT56(18-319),214,1,1077.0,59.61398622383847
HMMER=GH95(3-719),116,1,2274.0,15.30444629438962
Hotpep=GH95(11),116,1,2274.0,15.30444629438962
HMMER=CE4(58-283),249,1,966.0,77.33432754593291
HMMER=GH13_18(81-423),463,1,1683.0,82.53667473110232
HMMER=AA6(3-194),147,1,597.0,73.87425198400008
Hotpep=AA6(3),147,1,597.0,73.87425198400008
HMMER=SLH(110-148),24,1,846.0,8.511203441780875
HMMER=GH13_26(31-300),110,1,2385.0,13.83739679056828
Hotpep=GH13(6),110,1,2385.0,13.83739679056828
HMMER=GT2_Glycos_transf_2(4-99),224,1,747.0,89.96581308741872
Hotpep=GT2(14),224,1,747.0,89.96581308741872
Hotpep=CBM13(52),127,1,2091.0,18.222156866567445
HMMER=CE4(116-245),52,1,849.0,18.375778455576377
Hotpep=CE4(95),52,1,849.0,18.375778455576377
Hotpep=GT0(112),204,1,1746.0,35.05387396898412
HMMER=GT2_Glycos_transf_2(40-153),101,1,1068.0,28.37267046217262
HMMER=GH13_10(127-440),47,1,1818.0,7.756290595253281
HMMER=GH13_20(72-348),277,1,1443.0,57.592181709223084
Hotpep=GH13(21)+GH77(17)+CBM20(8)+CBM34(1)+CBM48(57),277,1,1443.0,57.592181709223084
HMMER=GT4(207-360),66,1,1263.0,15.678000639194938
Hotpep=GT4(52),66,1,1263.0,15.678000639194938
Hotpep=GH0(5),199,1,1839.0,32.46545097511277
HMMER=CE4(315-428),91,1,1563.0,17.467570595247984
HMMER=GT2_Glycos_transf_2(6-174),93,1,867.0,32.18206768514205
HMMER=GT2_Glycos_transf_2(10-149),203,1,1050.0,58.00385145573666
HMMER=GT1(38-413),110,1,1251.0,26.380648557558228
HMMER=GH77(9-489),49,1,1494.0,9.840010806436423
HMMER=GT4(182-333),81,1,1095.0,22.193254454013555
HMMER=GH77(11-490),145,1,1503.0,28.944037652563207
HMMER=CE3(122-327),110,1,1839.0,17.945726669660328
Hotpep=GH23(40),128,1,519.0,73.99335246496206
HMMER=GT2_Glycos_transf_2(32-152),131,1,1068.0,36.80019634202587
HMMER=AA7(1-358),52,1,1125.0,13.867587474474972
HMMER=GH130(41-325),89,1,987.0,27.053468082803498
HMMER=GT2_Glycos_transf_2(9-136),267,1,1035.0,77.39644347167261
Hotpep=GT2(15),270,2,690.0,117.39909964804272
HMMER=CE1(111-314),91,1,969.0,28.17524544930093
HMMER=GT52(25-291),268,1,942.0,85.35598610881522
Hotpep=GT52(3),268,1,942.0,85.35598610881522
HMMER=GT2_Glycos_transf_2(4-126),75,1,819.0,27.47435176948497
HMMER=GH130(5-294),172,1,888.0,58.11196674269983
HMMER=CBM48(26-121)+GH13_11(201-555),395,1,2163.0,54.7886587713807
Hotpep=GH13(2)+CBM48(1)+CBM68(1),395,1,2163.0,54.7886587713807
HMMER=GT51(277-446),151,1,2937.0,15.424926155852623
Hotpep=GT51(97),151,1,2937.0,15.424926155852623
HMMER=CBM50(43-85),84,1,906.0,27.81641654648253
HMMER=GH3(279-494),172,1,3015.0,17.115564334168308
Hotpep=GH3(4)+CBM6(3),172,1,3015.0,17.115564334168308
HMMER=CBM34(7-124)+GH13_20(172-467),207,1,1704.0,36.446081991675236
Hotpep=GH13(15)+CBM34(4),207,1,1704.0,36.446081991675236
HMMER=CE14(4-137),73,1,723.0,30.292467851400605
HMMER=GH6(1-305),112,1,990.0,33.941647664798886
HMMER=CBM50(3-46),12,1,387.0,9.302943296830257
HMMER=GT51(60-228),213,1,729.0,87.66014162105796
Hotpep=GT51(8),213,1,729.0,87.66014162105796
HMMER=GH31(225-655),114,1,2295.0,14.902950340216318
HMMER=GH2(38-891),85,1,3039.0,8.391475259110216
Hotpep=GH2(1)+CBM51(5)+CBM67(4),85,1,3039.0,8.391475259110216
Hotpep=PL11(3),6,1,435.0,4.138205811348632
HMMER=GT4(205-347),139,1,1335.0,31.238029261322726
Hotpep=GT4(6),139,1,1335.0,31.238029261322726
Hotpep=CBM2(41),74,1,1497.0,14.830644073403748
HMMER=GH103(63-352),265,1,1077.0,73.8210577070897
Hotpep=GH103(1),265,1,1077.0,73.8210577070897
Hotpep=GH16(44),139,1,1917.0,21.754183131907066
HMMER=GH88(63-323),36,1,975.0,11.07765863345634
HMMER=GT4(196-339),113,1,1146.0,29.583116151373186
Hotpep=GT4(197),113,1,1146.0,29.583116151373186
HMMER=GT2_Glycos_transf_2(50-177),97,1,1725.0,16.870685430903915
Hotpep=GT51(26),49,2,901.5,16.30723920667334
HMMER=GH1(40-349),115,1,1146.0,30.106711127503686
Hotpep=GH0(7),115,1,1146.0,30.106711127503686
HMMER=GT2_Glycos_transf_2(5-113),111,1,933.0,35.693688388883295
Hotpep=GT2(99),111,1,933.0,35.693688388883295
Hotpep=GT51(49),53,2,882.0,18.028407970642995
HMMER=GT2_Glyco_trans_2_3(216-410),81,1,1524.0,15.945940700226275
Hotpep=CBM50(3),149,1,546.0,81.87356827306519
HMMER=GT4(201-345),33,1,1140.0,8.684787196185617
Hotpep=GT4(85),33,1,1140.0,8.684787196185617
HMMER=GT2_Glycos_transf_2(10-167),44,1,876.0,15.069493765070932
HMMER=GH1(4-466),143,1,1425.0,30.107262280110135
HMMER=GH10(35-199),10,1,597.0,5.025459318639462
Hotpep=GH10(47),21,2,534.0,11.798536231794555
HMMER=GH102(126-257),300,1,1098.0,81.97265609911908
Hotpep=GH102(1),300,1,1098.0,81.97265609911908
HMMER=cohesin(37-191),52,1,663.0,23.53097422139418
HMMER=GH16_3(46-283),174,1,867.0,60.21161050768512
Hotpep=GH16(2)+CBM11(3)+CBM13(12)+CBM32(48)+CBM4(2)+CBM54(1)+CBM56(8)+CBM6(40),174,1,867.0,60.21161050768512
HMMER=GH13_23(28-369),174,1,1599.0,32.647571175836774
HMMER=PL6(3-140),5,1,423.0,3.546334767408698
Hotpep=PL6(1),5,1,423.0,3.546334767408698
HMMER=GH2(68-939)+CBM51(1166-1304),129,1,4368.0,8.8604784456589
Hotpep=GH2(2)+CBM51(5),129,1,4368.0,8.8604784456589
HMMER=GH24(3-140),131,1,447.0,87.92530132725646
HMMER=GH3(60-285),165,1,1536.0,32.22870248584506
Hotpep=GH3(86),165,1,1536.0,32.22870248584506
HMMER=GH10(3-127),15,1,789.0,5.703800785604103
Hotpep=GH10(11),15,1,789.0,5.703800785604103
HMMER=CE14(4-114),78,1,777.0,30.117829939738115
HMMER=GT2_Glycos_transf_2(14-173),84,1,1056.0,23.865221014311714
Hotpep=GT2(225),84,1,1056.0,23.865221014311714
HMMER=GH13_30(30-375),79,1,1602.0,14.7949898779646
Hotpep=CBM50(1),454,2,856.5,159.02982402865175
HMMER=GH15(269-644),199,1,2286.0,26.11721974769571
Hotpep=GH15(10),199,1,2286.0,26.11721974769571
HMMER=GH28(2-276),12,1,846.0,4.2556017208904375
Hotpep=GH105(19)+GH28(6),12,1,846.0,4.2556017208904375
Hotpep=GH0(66),41,1,1317.0,9.340027922728785
HMMER=GH1(4-437),255,1,1317.0,58.09041756819123
Hotpep=GH1(8),255,1,1317.0,58.09041756819123
Hotpep=GH63(1),4,1,405.0,2.9631597167681565
HMMER=GH26(2-315),36,1,1242.0,8.69622960355872
Hotpep=GH26(3)+CBM10(3)+CBM3(7)+CBM35(3),36,1,1242.0,8.69622960355872
HMMER=PL16(93-370),208,1,1113.0,56.06841296957536
HMMER=SLH(31-70)+SLH(88-129)+SLH(149-190)+CBM54(194-301),22,1,903.0,7.309455447509489
HMMER=PL12_1(348-483),187,1,1908.0,29.40446817995759
Hotpep=PL12(1),187,1,1908.0,29.40446817995759
HMMER=CE4(34-143),52,1,825.0,18.910346556102237
HMMER=AA7(31-227),156,1,1353.0,34.592097358723606
HMMER=GH108(5-88),155,1,534.0,87.08443409181695
Hotpep=GH108(1),155,1,534.0,87.08443409181695
HMMER=GH73(351-460),69,1,2424.0,8.540171027752283
HMMER=PL8_1(467-737),245,1,2418.0,30.399040828817235
Hotpep=PL8(1)+CBM70(1),245,1,2418.0,30.399040828817235
HMMER=GT4(235-380),77,1,1281.0,18.0339843418062
HMMER=GT20(634-1109),191,1,3333.0,17.19286077787284
Hotpep=GT20(7),191,1,3333.0,17.19286077787284
HMMER=CE1(57-216),10,1,681.0,4.405578874049572
HMMER=GH23(31-144),114,1,456.0,75.00498033069395
Hotpep=GH23(21),114,1,456.0,75.00498033069395
HMMER=GT4(197-342),76,1,1134.0,20.107155220926778
HMMER=GH1(8-260),17,1,834.0,6.115513983797589
HMMER=GT28(193-359),43,1,1116.0,11.559907362795126
Hotpep=GT28(25),43,1,1116.0,11.559907362795126
HMMER=GT2_Glycos_transf_2(9-159),51,1,867.0,17.648230666045638
Hotpep=GT2(186),51,1,867.0,17.648230666045638
HMMER=GT4(213-300),51,1,996.0,15.362465850865028
HMMER=GH13_29(26-164),18,1,492.0,10.976338584979604
Hotpep=GH13(65),18,1,492.0,10.976338584979604
HMMER=GT51(69-253),130,1,2385.0,16.353287116126147
Hotpep=GT51(67),130,1,2385.0,16.353287116126147
HMMER=GT51(2-112),57,1,1899.0,9.005337290889006
HMMER=GT28(111-271),16,1,822.0,5.839803821367901
Hotpep=GT28(52),16,1,822.0,5.839803821367901
HMMER=CE1(47-286),89,1,888.0,30.06956418662956
HMMER=CE9(26-349),212,1,1056.0,60.231272083739086
Hotpep=CE9(28),212,1,1056.0,60.231272083739086
HMMER=GH3(120-353),89,1,2538.0,10.520793143312472
Hotpep=GH3(11),89,1,2538.0,10.520793143312472
Hotpep=CBM12(5)+CBM13(12),63,1,1146.0,16.493241748110716
HMMER=CBM6(3-103)+GH5_34(110-245),15,1,849.0,5.300705323723955
Hotpep=CBM6(31)+CBM62(5),34,2,889.5,11.467877824591769
HMMER=GH9(3-289),17,1,885.0,5.763094533883829
Hotpep=CBM3(2),22,2,588.0,11.22523515153243
HMMER=GH43_24(58-305),22,1,1218.0,5.419079038670828
Hotpep=GH43(59)+CBM13(10),22,1,1218.0,5.419079038670828
HMMER=CBM32(28-151),74,1,2520.0,8.81010880074818
HMMER=GH13_36(20-333),268,1,1365.0,58.905010193775766
Hotpep=GH13(12)+CBM20(29)+CBM25(5),268,1,1365.0,58.905010193775766
HMMER=GT2_Glycos_transf_2(49-172),71,1,1134.0,18.78431606165528
Hotpep=GH9(1)+CBM2(15)+CBM3(2),114,6,860.5,39.7469738882004
HMMER=GH9(1-226)+CBM3(255-345)+CBM3(437-506),29,1,1530.0,5.686652103503595
HMMER=GT4(184-332),84,1,1101.0,22.889803261683173
HMMER=cohesin(34-190),33,1,1896.0,5.221865719225529
HMMER=GH5_25(63-322),11,1,981.0,3.3641377518354068
HMMER=GT2_Glycos_transf_2(8-138),93,1,945.0,29.525770034939846
HMMER=GT4(184-327),58,1,1083.0,16.06754887970545
HMMER=CBM4(42-178),23,1,987.0,6.991345684320005
Hotpep=CBM3(26),53,2,1252.5,12.695453756572551
HMMER=GH77(184-677),54,1,2055.0,7.883735158846664
Hotpep=GH77(16),54,1,2055.0,7.883735158846664
HMMER=GH5_1(1-222),12,1,1029.0,3.498774592685433
Hotpep=GH5(9)+CBM2(9)+CBM3(9),52,3,1062.0,14.690240968723488
HMMER=GH24(34-170),138,1,537.0,77.10009151311557
HMMER=GH73(9-78),6,1,369.0,4.87837270443538
HMMER=GH29(48-353),35,1,1164.0,9.021217565547385
Hotpep=GH29(1)+CBM32(30),35,1,1164.0,9.021217565547385
HMMER=CE4(157-285),111,1,963.0,34.581735479572295
Hotpep=CE4(19),111,1,963.0,34.581735479572295
HMMER=GH16_3(43-274),76,1,831.0,27.438645030723183
Hotpep=GH16(2)+CBM11(3)+CBM13(12)+CBM32(70)+CBM4(2)+CBM54(1)+CBM56(8)+CBM6(15),76,1,831.0,27.438645030723183
HMMER=CE1(22-273),220,1,858.0,76.9281849545579
Hotpep=GT0(165),106,1,2013.0,15.79836644819386
HMMER=CE9(4-346),28,1,1059.0,7.932538051971411
Hotpep=CE9(5),50,2,990.0,15.152521278928074
HMMER=GT2_Glycos_transf_2(5-127),119,1,1008.0,35.41901848949437
Hotpep=GT2(224),119,1,1008.0,35.41901848949437
HMMER=CBM50(21-63),100,1,999.0,30.03202415643402
HMMER=GH29(49-308),39,1,1311.0,8.925077751020792
HMMER=CE3(36-223),34,1,939.0,10.863341134158018
Hotpep=CE3(9),34,1,939.0,10.863341134158018
HMMER=CE4(46-167),56,1,756.0,22.223697875761175
Hotpep=CE12(4),21,1,756.0,8.33388670341044
HMMER=GT1(73-436),54,1,1329.0,12.190425697087958
HMMER=GT4(222-377),91,1,1209.0,22.582144615692805
HMMER=GT2_Glycos_transf_2(5-161),82,1,708.0,34.74806998371133
HMMER=GH38(1-245),62,1,2490.0,7.4703755510088765
Hotpep=GH38(3),335,2,2598.0,38.6861715331524
HMMER=GH15(316-670),99,1,2010.0,14.77710060246508
Hotpep=GH15(1),99,1,2010.0,14.77710060246508
HMMER=CBM48(58-145),27,1,819.0,9.89076663701459
HMMER=GH73(53-188),67,1,708.0,28.39171571839828
Hotpep=GH73(101)+CBM50(10),67,1,708.0,28.39171571839828
HMMER=GH23(40-145),91,1,462.0,59.09483298781949
HMMER=GH5_25(1-211)+CBM11(273-396),23,1,1191.0,5.793835592295419
Hotpep=CBM11(4),27,2,777.0,10.42540267144781
HMMER=CE4(47-169),52,1,789.0,19.773176056760892
Hotpep=CE4(22),52,1,789.0,19.773176056760892
Hotpep=GH94(4),55,2,1053.0,15.670556194446982
HMMER=CBM6(468-587),33,1,1995.0,4.962735540677495
Hotpep=GH2(6)+CBM35(33)+CBM6(9)+CBM71(1),33,1,1995.0,4.962735540677495
HMMER=GT2_Glycos_transf_2(9-131),98,1,990.0,29.698941706699024
HMMER=CBM34(9-147)+GH13_20(194-495),55,1,1833.0,9.002234409575925
Hotpep=GH13(14)+CBM34(2),55,1,1833.0,9.002234409575925
Hotpep=GT35(16),23,2,576.0,11.979962136152508
HMMER=GT35(90-782),67,1,2364.0,8.50310267708375
HMMER=GH13_4(102-501),184,1,1935.0,28.52902611027946
HMMER=GH125(2-253),17,1,786.0,6.488980486624922
Hotpep=GH125(3),17,1,786.0,6.488980486624922
HMMER=GT26(56-225),25,1,738.0,10.163276467573708
HMMER=GH24(9-100),107,1,387.0,82.95124439673647
Hotpep=GH24(6),107,1,387.0,82.95124439673647
HMMER=GH18(32-302),56,1,957.0,17.55602465420632
HMMER=CE11(2-249),81,1,807.0,30.113523701542555
Hotpep=CE11(7),81,1,807.0,30.113523701542555
HMMER=GH18(81-359),83,1,1122.0,22.193987049724058
HMMER=GH38(5-274),273,1,2706.0,30.268085188883152
HMMER=GH32(1-161),28,1,954.0,8.80561613945254
HMMER=GH23(41-158),143,1,489.0,87.7358870125909
HMMER=GH25(69-253),80,1,849.0,28.27042839319443
Hotpep=GH25(2),80,1,849.0,28.27042839319443
Hotpep=GH36(27),20,1,858.0,6.993471359505264
HMMER=GH25(12-164),17,1,516.0,9.88437725288215
Hotpep=GH25(30),64,4,532.5,36.05873232799559
HMMER=CBM16(41-170),27,1,1383.0,5.857221891334019
HMMER=AA4(4-253),88,1,1389.0,19.007741595683424
HMMER=GH73(144-267),230,1,825.0,83.64191745968297
Hotpep=GH73(4),230,1,825.0,83.64191745968297
HMMER=CBM34(6-114)+GH13_20(156-452),36,1,1728.0,6.25041502755783
Hotpep=GH13(21)+CBM34(1),36,1,1728.0,6.25041502755783
HMMER=GT2_Glycos_transf_2(7-173),53,1,996.0,15.964915492075422
HMMER=GT28(142-271),21,1,954.0,6.604212104589405
HMMER=GT83(77-353),111,1,1431.0,23.271985511410286
HMMER=GT4(177-331),83,1,1092.0,22.80371196867252
HMMER=GH30_8(3-195)+CBM6(258-372),28,1,1245.0,6.7474359815564044
Hotpep=GH30(2)+CBM35(23)+CBM6(67),36,2,927.0,11.651259080496148
HMMER=CE1(12-250),92,1,786.0,35.11683557467605
Hotpep=CE1(24),92,1,786.0,35.11683557467605
HMMER=GT9(77-313),60,1,1017.0,17.7002903435266
Hotpep=GT9(25),60,1,1017.0,17.7002903435266
HMMER=CBM42(348-459),25,1,1380.0,5.4351435022242
Hotpep=CBM42(9),38,3,742.0,15.364901631085557
Hotpep=GH0(11),57,1,1092.0,15.66038050860643
HMMER=GH26(151-263),52,1,1125.0,13.867587474474972
Hotpep=GH26(51),52,1,1125.0,13.867587474474972
HMMER=CBM51(284-418)+CBM51(503-643)+CBM51(728-813),59,1,2442.0,7.2486385577574834
HMMER=GH57(31-332),43,1,1803.0,7.155217202928099
HMMER=GT4(202-349),32,1,1167.0,8.226767337042697
HMMER=GH102(115-226),7,1,681.0,3.0839052118347
HMMER=GT4(217-367),61,1,1278.0,14.320199687550334
Hotpep=GH94(9),31,2,721.5,12.890668830223218
HMMER=GT4(167-314),75,1,1041.0,21.615268106828232
HMMER=GH133(1-339),35,1,1086.0,9.66915031887399
Hotpep=GH133(1),50,2,886.5,16.921597367330843
Hotpep=CBM6(11),210,1,2127.0,29.62114879068309
HMMER=AA4(5-218),81,1,1305.0,18.621926151068845
HMMER=GH19(20-183),173,1,615.0,84.39584778673208
HMMER=GT2_Glycos_transf_2(5-163),85,1,696.0,36.64036395464935
Hotpep=GT2(78),144,3,563.0,76.73688929037252
HMMER=GT2_Glycos_transf_2(4-185),59,1,801.0,22.098845640504084
HMMER=GH53(36-329),21,1,1248.0,5.048412137642862
Hotpep=GH53(6)+CBM13(49)+CBM61(1),21,1,1248.0,5.048412137642862
HMMER=GT39(20-249),24,1,1227.0,5.868360319271898
HMMER=CE6(56-146),71,1,828.0,25.72634591052788
Hotpep=CE6(2),71,1,828.0,25.72634591052788
HMMER=GT2_Glycos_transf_2(37-155),110,1,1137.0,29.025674006601005
HMMER=GH13_9(1-232),35,1,1158.0,9.0679596254725
HMMER=AA4(22-253),18,1,1026.0,5.2635073916276465
HMMER=AA4(4-252),81,1,1389.0,17.495762150572244
HMMER=AA4(40-263),81,1,1449.0,16.771299949720387
HMMER=GT5(2-442),128,1,1347.0,28.509688143515447
Hotpep=GT5(2)+CBM53(1),128,1,1347.0,28.509688143515447
Hotpep=GH84(10),96,2,1749.0,16.467645767287866
HMMER=GH15(226-590),122,1,1872.0,19.552580342616803
Hotpep=GH15(7),122,1,1872.0,19.552580342616803
HMMER=GH13_10(290-585),64,1,2232.0,8.602721758359163
Hotpep=GH13(64),64,1,2232.0,8.602721758359163
Hotpep=GH5(94),28,3,478.0,17.57438869673164
HMMER=GT2_Glycos_transf_2(9-124),61,1,900.0,20.334683556321473
HMMER=CBM50(30-74),27,1,573.0,14.137064355523469
HMMER=GH2(27-539),110,1,1845.0,17.887366582929726
Hotpep=GH2(8),110,1,1845.0,17.887366582929726
HMMER=GH73(55-189),73,1,594.0,36.87113511205831
Hotpep=GH73(8),73,1,594.0,36.87113511205831
HMMER=GH25(5-101),17,1,567.0,8.99530628304619
Hotpep=CBM50(77),36,1,1065.0,10.141518467248762
HMMER=GT4(176-330),67,1,1155.0,17.403753011797388
HMMER=CE14(6-122),42,1,732.0,17.214257780815007
Hotpep=CE14(14),42,1,732.0,17.214257780815007
Hotpep=GT39(8)+CBM0(4),21,1,837.0,7.527381538564269
HMMER=GT4(43-151),11,1,456.0,7.237322663488013
Hotpep=GT4(153),11,1,456.0,7.237322663488013
HMMER=GH10(124-465),37,1,1548.0,7.171018791306658
Hotpep=CE1(39)+GH10(25)+CBM0(8)+CBM2(23)+CBM22(2)+CBM9(1),37,1,1548.0,7.171018791306658
HMMER=CE9(36-358),99,1,1089.0,27.274538302070535
Hotpep=CE9(14),99,1,1089.0,27.274538302070535
HMMER=CE4(27-169),64,1,738.0,26.017987756988692
Hotpep=GH84(5)+CBM32(8),63,2,1279.5,14.772375961965516
HMMER=GH10(2-143),50,1,462.0,32.46968845484587
Hotpep=GH10(61),50,1,462.0,32.46968845484587
HMMER=GH84(187-466),38,1,1413.0,8.06847629884323
HMMER=GH3(64-295),21,1,1119.0,5.630400668255847
Hotpep=GH3(65),21,1,1119.0,5.630400668255847
HMMER=GH57(8-422),46,1,1611.0,8.56667683479062
HMMER=CE4(41-143),85,1,1248.0,20.434049128554445
Hotpep=CE4(141),85,1,1248.0,20.434049128554445
HMMER=GH48(43-453),36,1,1362.0,7.930041973289229
Hotpep=GH48(4)+CBM2(7)+CBM3(3),36,1,1362.0,7.930041973289229
HMMER=CE4(5-130),12,1,660.0,5.454907660414107
Hotpep=CE4(64),12,1,660.0,5.454907660414107
HMMER=GT4(247-395),90,1,1374.0,19.651959911972217
Hotpep=GT4(137),90,1,1374.0,19.651959911972217
HMMER=CE1(1-109),10,1,615.0,4.87837270443538
Hotpep=CBM50(85),32,2,501.0,19.162949066524604
HMMER=GH89(1-465),47,1,1395.0,10.108198066072017
Hotpep=GH89(5)+CBM32(43),61,2,1011.0,18.10209218663633
HMMER=CBM25(28-103),5,1,324.0,4.629937057450244
Hotpep=CBM25(11),5,1,324.0,4.629937057450244
Hotpep=GH3(17)+CBM6(3),4,1,417.0,2.877888933551807
HMMER=CBM48(111-195)+GH13_9(266-566),35,1,1899.0,5.529593073352898
HMMER=GT4(188-333),31,1,1053.0,8.83249530959739
HMMER=GH23(118-223),13,1,687.0,5.677232863458641
Hotpep=GH23(199),13,1,687.0,5.677232863458641
HMMER=GT2_Glycos_transf_2(5-162),53,1,705.0,22.55468912071932
HMMER=GT2_Glycos_transf_2(19-155),75,1,1029.0,21.867341204283957
Hotpep=GH35(7),22,2,546.0,12.088714778573385
HMMER=GT28(208-353),71,1,1149.0,18.539090003409125
HMMER=CBM2(44-142),74,1,825.0,26.91087779137626
Hotpep=CBM2(3),74,1,825.0,26.91087779137626
HMMER=CE14(6-124),35,1,672.0,15.626037568894576
HMMER=GT2_Glyco_tranf_2_3(83-307),87,1,1371.0,19.038463278688184
Hotpep=GT2(156),123,2,1188.0,31.06266862180255
HMMER=CE4(1-98),4,1,390.0,3.0771273981823164
HMMER=GT2_Glycos_transf_2(4-137),102,1,915.0,33.444843688440585
HMMER=GH8(74-245),12,1,735.0,4.898284429759606
Hotpep=GH8(17),12,1,735.0,4.898284429759606
HMMER=GH13_9(1-147),7,1,444.0,4.730043804638358
HMMER=GT1(29-223),32,1,696.0,13.79401937116211
HMMER=GH9(1-301),24,1,1341.0,5.369484050519478
Hotpep=GH9(7),24,1,1341.0,5.369484050519478
HMMER=GH36(15-713),56,1,2205.0,7.6195535574038304
Hotpep=GH36(1),56,1,2205.0,7.6195535574038304
Hotpep=CBM50(120),40,1,711.0,16.878757880324944
HMMER=GT26(61-195),14,1,588.0,7.143331460066092
Hotpep=GT26(73),14,1,588.0,7.143331460066092
HMMER=GT28(196-362),71,1,1131.0,18.83414183370211
Hotpep=GT28(3),71,1,1131.0,18.83414183370211
HMMER=GH9(1-413)+CBM3(437-522),39,1,1626.0,7.196049773424513
Hotpep=GH101(3)+CBM32(12),40,1,1341.0,8.949140084199131
HMMER=CBM51(5-68),7,1,312.0,6.731216183523817
HMMER=CBM6(198-305),30,1,918.0,9.804572592247576
Hotpep=CBM6(9),48,4,539.25,26.705528462667115
HMMER=CE4(205-330),88,1,1242.0,21.257450142032425
Hotpep=CE4(10),88,1,1242.0,21.257450142032425
HMMER=GT4(186-321),18,1,966.0,5.5904333165734625
Hotpep=GT4(112),18,1,966.0,5.5904333165734625
Hotpep=GH31(15)+CBM32(11)+CBM51(2),31,1,1098.0,8.47050779690897
HMMER=CBM35(50-162),15,1,576.0,7.813018784447288
HMMER=GH20(139-489),88,1,1584.0,16.667773406820878
Hotpep=GH20(37)+CBM5(44),88,1,1584.0,16.667773406820878
HMMER=CE14(1-140),41,1,849.0,14.488594551512143
HMMER=PL12(48-181),29,1,795.0,10.94412291617673
Hotpep=PL12(11),29,1,795.0,10.94412291617673
HMMER=CBM16(28-151),20,1,765.0,7.8436580737980615
HMMER=CBM3(35-130),18,1,921.0,5.863581524223632
HMMER=SLH(294-334),24,1,1350.0,5.3336874901826805
HMMER=GT32(19-95),58,1,834.0,20.8646947682506
Hotpep=GT32(1),58,1,834.0,20.8646947682506
Hotpep=CBM0(12),16,2,423.0,11.348271255707834
HMMER=GT4(151-312),31,1,1026.0,9.064929396692058
HMMER=CBM51(30-168),20,1,666.0,9.009607246930205
HMMER=CE15(104-337),59,1,1056.0,16.76247666481418
Hotpep=CE15(2)+CBM2(40),59,1,1056.0,16.76247666481418
HMMER=GH9(2-245),31,1,759.0,12.253778077741831
Hotpep=CBM4(1),31,1,759.0,12.253778077741831
HMMER=GH10(18-296),30,1,1119.0,8.04342952607978
Hotpep=GH10(25)+CBM0(8)+CBM1(2)+CBM2(23)+CBM22(18)+CBM9(1),30,1,1119.0,8.04342952607978
Hotpep=GH48(1)+CBM3(3),7,1,462.0,4.545756383678422
Hotpep=GT4(20),129,2,835.5,46.32264494391153
HMMER=CBM50(40-81),62,1,561.0,33.15728185741907
Hotpep=GH74(1)+CBM2(12),19,2,711.0,8.017409993154349
Hotpep=CBM2(40),26,1,405.0,19.26053815899302
HMMER=GT4(180-313),75,1,1080.0,20.8347167585261
HMMER=GH9(63-330),23,1,1032.0,6.6864904945967485
HMMER=GH25(12-159),17,1,477.0,10.692533883620943
HMMER=GT4(199-355),36,1,1191.0,9.068612231418916
HMMER=AA2(80-184),146,1,2196.0,19.946679650785644
Hotpep=CBM50(32),78,2,1316.0,17.782335762292185
HMMER=CBM32(529-653)+CBM32(670-779),98,1,3552.0,8.277576658117127
Hotpep=CBM32(12),118,2,2193.0,16.143342779793684
HMMER=GT2_Glycos_transf_2(11-128),49,1,903.0,16.280150769452952
Hotpep=PL12(7),45,2,631.5,21.379091780720373
Hotpep=GH3(3)+CBM6(3),12,1,756.0,4.762220973377395
Hotpep=CBM50(86),40,1,732.0,16.394531219823815
Hotpep=GH13(40),29,3,517.0,16.828970441703095
HMMER=GH84(182-479)+CBM32(632-762),102,1,3006.0,10.180316691591196
Hotpep=GH84(3)+CBM32(12),102,1,3006.0,10.180316691591196
HMMER=GT26(62-236),28,1,768.0,10.938226298226203
Hotpep=GT26(25),28,1,768.0,10.938226298226203
HMMER=GH9(7-189)+CBM3(218-299),18,1,1209.0,4.4667978360711045
HMMER=CE4(96-218),25,1,918.0,8.170477160206314
Hotpep=CE4(33),25,1,918.0,8.170477160206314
HMMER=GT4(25-176),17,1,630.0,8.095775654741571
HMMER=CBM32(54-177)+CBM40(197-367),44,1,1410.0,9.362323785958964
Hotpep=GH33(24)+CBM40(4),44,1,1410.0,9.362323785958964
HMMER=GT4(424-560),110,1,1809.0,18.24333407711738
Hotpep=GT4(120),110,1,1809.0,18.24333407711738
HMMER=GH43_29(1-214)+CBM6(236-311),12,1,933.0,3.8587771231225187
Hotpep=GH43(10)+CBM2(36)+CBM22(15)+CBM42(11)+CBM6(4)+CBM66(6),12,1,933.0,3.8587771231225187
HMMER=GT35(105-358),16,1,1074.0,4.4695705224994535
HMMER=cohesin(1-87),8,1,426.0,5.634176926249312
HMMER=GH16_3(85-209),13,1,630.0,6.1908872653906135
Hotpep=GH16(80)+CBM4(2)+CBM54(1)+CBM6(15),13,1,630.0,6.1908872653906135
HMMER=GT26(53-220),14,1,717.0,5.858129565577213
Hotpep=GT26(10),14,1,717.0,5.858129565577213
HMMER=CE1(22-213),144,1,744.0,58.06837186892435
Hotpep=CE0(17),144,1,744.0,58.06837186892435
HMMER=CBM50(29-73),10,1,570.0,5.263507391627647
HMMER=GT4(95-246),45,2,844.5,15.986851935494272
Hotpep=GT4(187),24,1,858.0,8.392165631406318
HMMER=GH5_1(51-412),31,1,1680.0,5.536081881551221
HMMER=CBM22(31-161)+GH10(219-354),21,1,1080.0,5.833720692387307
Hotpep=GH10(11)+CBM22(3),21,1,1080.0,5.833720692387307
Hotpep=CBM13(43)+CBM2(68),56,1,1146.0,14.660659331653969
HMMER=AA12(40-422),125,1,1293.0,29.004246067553737
HMMER=GH141(2-426),31,1,1302.0,7.143331460066091
Hotpep=GH141(3),36,2,832.5,12.973834435579496
HMMER=CE14(9-115),132,1,651.0,60.83353243411123
Hotpep=CE14(17),132,1,651.0,60.83353243411123
Hotpep=PL8(4),47,1,1356.0,10.398920576821876
HMMER=CE4(67-192),31,1,798.0,11.65490922431836
Hotpep=CE4(24),48,2,733.5,19.633205485335026
HMMER=GH43_10(1-135),3,1,411.0,2.1899264330129626
HMMER=GH20(102-407),55,1,1923.0,8.580912986350842
Hotpep=GH20(14),55,1,1923.0,8.580912986350842
Hotpep=GH43(11),16,1,591.0,8.122366736318805
HMMER=GH123(5-574),51,1,1764.0,8.674045344365968
Hotpep=GH123(4),51,1,1764.0,8.674045344365968
HMMER=GT2_Glycos_transf_2(7-166),57,1,705.0,24.256929809075494
Hotpep=GT2(79),57,1,705.0,24.256929809075494
HMMER=GT4(45-197),8,1,717.0,3.3475026089012645
HMMER=GT4(1-59),3,1,330.0,2.7274538302070535
HMMER=GT4(192-342),71,1,1113.0,19.13873711942236
HMMER=GH95(46-775)+CBM51(908-1049),127,1,4440.0,8.58165090270102
Hotpep=GH95(1)+CBM13(55)+CBM32(113)+CBM51(9),127,1,4440.0,8.58165090270102
HMMER=GH5_34(70-307),19,1,930.0,6.129439252830904
HMMER=CE14(8-138),100,1,825.0,36.36605106942738
Hotpep=CE14(13),100,1,825.0,36.36605106942738
HMMER=GH13_13(8-239),15,1,720.0,6.25041502755783
HMMER=CBM51(2-89),31,1,1038.0,8.960132525053998
HMMER=GT2_Glycos_transf_2(229-351),83,1,1578.0,15.780515506838018
HMMER=CBM32(20-151),22,1,600.0,11.000730448501782
HMMER=CBM30(1-49)+GH9(63-427),26,1,1281.0,6.089397310220275
Hotpep=GH9(14)+CBM30(1)+CBM4(5),26,1,1281.0,6.089397310220275
HMMER=CE3(33-298),52,1,960.0,16.25107907165036
HMMER=AA6(24-154),23,1,624.0,11.0584265872177
Hotpep=GH43(112),8,1,498.0,4.819597129683146
HMMER=CBM40(55-166),16,1,498.0,9.639194259366292
HMMER=CBM50(147-190),11,1,573.0,5.759544737435488
HMMER=CE7(5-167),12,1,501.0,7.186105899946727
HMMER=CBM50(156-199),43,1,624.0,20.674449706537438
HMMER=GT2_Glycos_transf_2(35-139),5,1,555.0,2.702882174079061
Hotpep=GT2(53),5,1,555.0,2.702882174079061
HMMER=GH16_24(45-247),25,1,750.0,10.000664044092527
HMMER=GT81(11-214),45,1,849.0,15.902115971171865
Hotpep=GH43(83),9,1,393.0,6.870685221132271
HMMER=GH3(65-270),24,1,1050.0,6.857598201663447
HMMER=CBM25(27-103),11,1,321.0,10.281056493926899
HMMER=GH13_31(28-217),19,1,663.0,8.597855965509412
HMMER=GH51(2-248),22,1,762.0,8.661992479135261
Hotpep=GH51(1),22,1,762.0,8.661992479135261
HMMER=CBM16(39-163),10,1,735.0,4.081903691466338
HMMER=GT4(197-343),53,1,1212.0,13.119683028141187
Hotpep=GT4(19),53,1,1212.0,13.119683028141187
HMMER=GT4(31-185),20,1,675.0,8.889479150304467
HMMER=GT51(79-263),25,1,897.0,8.361759234191076
HMMER=GH33(13-379),39,1,1161.0,10.078188571566113
HMMER=GH11(43-223)+CBM6(255-333),22,1,1002.0,6.587263741617833
Hotpep=CE4(45)+GH11(2)+CBM22(9)+CBM36(2)+CBM6(17),22,1,1002.0,6.587263741617833
HMMER=GT5(1-370),17,1,1110.0,4.594899695934404
Hotpep=GT5(3),17,1,1110.0,4.594899695934404
HMMER=GT4(2-76),12,1,333.0,10.811528696316246
HMMER=GT4(201-342),30,1,1137.0,7.916092910891183
HMMER=GT2_Glycos_transf_2(7-126),91,1,1497.0,18.23768392810461
HMMER=GH43_20(26-273),18,1,927.0,5.825629540248074
Hotpep=GH43(83)+CBM42(4),18,1,927.0,5.825629540248074
HMMER=CE4(61-171),33,1,774.0,12.791547033141605
Hotpep=CE4(35),33,1,774.0,12.791547033141605
HMMER=GT81(4-188),13,1,678.0,5.7525943616461435
HMMER=GH5_4(79-352),27,1,1290.0,6.279486725360425
Hotpep=GH5(99)+CBM72(1),27,1,1290.0,6.279486725360425
HMMER=PL1(111-291),51,1,1056.0,14.489598472974969
HMMER=GH18(115-386),34,1,1203.0,8.479366022422592
HMMER=AA7(42-410),69,1,1413.0,14.650654332110074
HMMER=GH124(61-393),23,1,1230.0,5.610128610100687
Hotpep=GH124(1),23,1,1230.0,5.610128610100687
HMMER=CBM35(173-259),15,1,777.0,5.79189037302656
HMMER=cohesin(31-186)+cohesin(224-378),23,1,1155.0,5.97442267569164
HMMER=GH10(57-372),70,1,1185.0,17.72269577434119
Hotpep=GH10(10),70,1,1185.0,17.72269577434119
HMMER=GT4(205-356),37,1,1245.0,8.91625468991382
Hotpep=GT4(69),56,3,729.0,23.04679779708566
Hotpep=GH3(12),22,2,535.5,12.325748401682668
HMMER=CBM35(67-150),13,1,453.0,8.609843216768402
HMMER=GH5_55(2-245)+CBM32(312-389),19,1,1197.0,4.762220973377394
Hotpep=GH5(112),19,1,1197.0,4.762220973377394
HMMER=CE4(44-165),45,1,726.0,18.59627611504809
Hotpep=CE4(104)+GH18(21)+GT2(51),45,1,726.0,18.59627611504809
HMMER=GH42(19-286),22,1,864.0,7.6393961447929035
Hotpep=GH42(1),57,2,1035.0,16.522836246761567
HMMER=GT9(84-299),19,1,1047.0,5.444487588474443
Hotpep=GT0(175),122,1,1206.0,30.35027396465892
HMMER=GT28(188-346),52,1,1161.0,13.43758476208815
Hotpep=GT28(5),57,2,765.0,22.354425510324475
HMMER=GH73(284-448),39,1,1398.0,8.369654457502332
Hotpep=GH73(75),39,1,1398.0,8.369654457502332
Hotpep=GH51(3),6,1,351.0,5.128545663637194
HMMER=AA4(20-273),51,1,1476.0,10.366541996925182
Hotpep=GH15(22),30,3,682.0,13.197357242937352
HMMER=GH13_23(45-323),17,1,978.0,5.215070207042117
Hotpep=GH13(57),17,1,978.0,5.215070207042117
HMMER=CE1(53-256)+CBM2(330-429),70,1,1299.0,16.167355267586075
Hotpep=CE1(9)+CBM2(17),70,1,1299.0,16.167355267586075
HMMER=GT28(190-336),32,1,1074.0,8.939141044998907
HMMER=GH25(13-208),20,1,966.0,6.211592573970514
Hotpep=GH25(46),20,1,966.0,6.211592573970514
Hotpep=GT0(150),27,2,579.0,13.99056627930043
HMMER=GH3(3-89),13,1,846.0,4.610235197631307
HMMER=GT5(2-476),33,1,1449.0,6.832751831367565
Hotpep=GT5(14),33,1,1449.0,6.832751831367565
Hotpep=GH2(1),6,2,324.0,5.555924468940293
HMMER=CE1(28-239),71,1,750.0,28.40188588522278
Hotpep=GH9(14)+CBM30(1),13,1,705.0,5.532282237157569
HMMER=GH23(106-212),43,1,654.0,19.726080453943975
Hotpep=GH23(119),43,1,654.0,19.726080453943975
HMMER=GH5_1(54-285),18,1,903.0,5.980463547962309
HMMER=GH126(1-164),8,1,516.0,4.6514716484151295
HMMER=GT1(29-224),43,1,708.0,18.221548893897403
Hotpep=GT1(115),43,1,708.0,18.221548893897403
HMMER=GH31(125-510),46,1,1539.0,8.967457037587842
Hotpep=GH31(40),46,1,1539.0,8.967457037587842
HMMER=GH26(2-200),15,1,855.0,5.2635073916276465
Hotpep=GH26(10)+CBM35(18),15,1,855.0,5.2635073916276465
HMMER=CE12(16-151),10,1,456.0,6.579384239534558
Hotpep=CE12(1),10,1,456.0,6.579384239534558
Hotpep=CBM25(12),5,1,369.0,4.065310587029483
HMMER=GH10(3-151),11,1,471.0,7.006834680574383
HMMER=GT4(224-378)+GT2_Glycos_transf_2(418-547),69,1,2106.0,9.829712521971288
Hotpep=CE4(130),4,1,411.0,2.9199019106839503
HMMER=GT4(214-350),34,1,1188.0,8.586428724725907
HMMER=AA4(35-244),39,1,1401.0,8.351732285216459
HMMER=GH33(22-366),40,1,1149.0,10.444557748399507
Hotpep=GH33(41),40,1,1149.0,10.444557748399507
HMMER=GT4(151-306),25,1,1035.0,7.246858002965601
HMMER=GH1(1-465),120,1,1407.0,25.588052991281522
Hotpep=GH1(3),120,1,1407.0,25.588052991281522
HMMER=GH9(30-245),16,1,738.0,6.504496939247173
HMMER=GH23(130-236),22,1,729.0,9.054099134569366
Hotpep=GH23(15),22,1,729.0,9.054099134569366
HMMER=GT2_Glycos_transf_2(10-165),33,1,1005.0,9.851400401643387
HMMER=CBM3(75-157)+CBM3(283-332),16,1,996.0,4.819597129683146
Hotpep=CBM2(85)+CBM3(2),16,1,996.0,4.819597129683146
HMMER=SLH(96-137),10,1,642.0,4.673207497239499
HMMER=CE4(110-225),34,1,963.0,10.592603660409532
HMMER=CE4(126-210),17,1,669.0,7.62382460760417
HMMER=GH13_18(94-217),10,1,651.0,4.608600941978123
Hotpep=GH13(79),15,2,528.0,8.52329321939704
HMMER=GT4(109-254),19,1,861.0,6.620648670305158
HMMER=GH18(93-366),65,1,1167.0,16.710621153367978
HMMER=GH125(25-160),21,1,489.0,12.884291099751112
Hotpep=GH23(97),3,1,468.0,1.9232046238639477
HMMER=CBM3(43-125)+CBM4(239-369),30,1,1743.0,5.163854067517656
Hotpep=GH23(28),64,1,615.0,31.22158530838643
HMMER=GH4(8-106),3,1,318.0,2.830376616252602
HMMER=CBM3(1-63),12,1,612.0,5.882743555348546
HMMER=GH13_21(170-488),99,1,1836.0,16.1775447772085
Hotpep=GH13(41)+CBM34(11),99,1,1836.0,16.1775447772085
HMMER=GH23(39-149),44,1,465.0,28.38898180258524
HMMER=GH43_12(8-222),8,1,726.0,3.3060046426752163
Hotpep=GH43(48),8,1,726.0,3.3060046426752163
HMMER=GH94(1-443),25,1,1329.0,5.643715600503684
HMMER=GT28(175-333),12,1,1035.0,3.478491841423488
Hotpep=GT28(6),12,1,1035.0,3.478491841423488
Hotpep=CBM35(13),10,1,378.0,7.937034955628991
HMMER=CBM35(111-232)+PL11(256-787),41,1,2367.0,5.196796271328183
HMMER=GH9(46-313),20,1,939.0,6.390200667151776
HMMER=GH13_29(2-257),30,1,792.0,11.364390959196054
HMMER=PL1_5(92-282),23,1,1020.0,6.765155088650828
Hotpep=PL1(46),28,2,729.0,11.52339889854283
HMMER=GH43_18(23-160),6,1,525.0,3.4287991008317236
HMMER=GT2_Glycos_transf_2(4-173),33,1,1026.0,9.649763551317351
HMMER=CE7(4-287),19,1,870.0,6.5521592013020005
Hotpep=CE7(13),19,1,870.0,6.5521592013020005
HMMER=GH13_23(2-125),8,1,396.0,6.061008511571229

HMMER=GH13_14(590-911),93,1,3195.0,8.732974235686433
Hotpep=GH13(26)+CBM48(9),93,1,3195.0,8.732974235686433
HMMER=GH9(1-327),20,1,1134.0,5.291356637085994
HMMER=GT83(21-233),9,1,708.0,3.813812559187829
Hotpep=GT83(25),9,1,708.0,3.813812559187829
HMMER=GT4(217-301),49,1,990.0,14.849470853349512
Hotpep=GT4(16),49,1,990.0,14.849470853349512
HMMER=GH84(192-454),39,1,1365.0,8.571997752079309
HMMER=CBM50(170-218),20,1,660.0,9.091512767356845
HMMER=GH9(32-187),18,1,570.0,9.474313304929765
HMMER=GT2_Glycos_transf_2(30-149),6,1,465.0,3.8712247912616236
Hotpep=GT2(69),6,1,465.0,3.8712247912616236
HMMER=CBM62(1-123),8,1,375.0,6.400424988219218
HMMER=GT4(136-260),9,1,786.0,3.4353426105661353
HMMER=GT2_Glycos_transf_2(19-107),4,1,327.0,3.669968456547717
HMMER=GT28(60-212),12,1,723.0,4.97958375639462
HMMER=AA6(13-191),12,1,588.0,6.1228555371995075
HMMER=CBM4(1-73),23,1,1017.0,6.785111298351864
Hotpep=GH9(2)+CBM2(14)+CBM3(26)+CBM30(1)+CBM4(1),29,2,721.5,12.05901277666043
HMMER=GH43_4(124-318),19,1,954.0,5.975239523199939
Hotpep=GH43(11)+CBM42(9),19,1,954.0,5.975239523199939
HMMER=CE14(21-124),42,1,741.0,17.00517772679701
HMMER=CE4(41-145),15,1,588.0,7.653569421499384
Hotpep=CE4(45)+GH18(21)+GT2(51),15,1,588.0,7.653569421499384
Hotpep=GH23(38),56,1,600.0,28.001859323459083
HMMER=CBM4(40-160),10,1,549.0,5.464843739941272
HMMER=GT2_Glycos_transf_2(13-84),4,1,255.0,4.706194844278837
HMMER=GH9(30-255),18,1,768.0,7.0317169060025595
Hotpep=GH9(17)+CBM3(2),27,2,613.5,13.20381071836177
HMMER=CE4(143-215),13,1,648.0,6.018918174685317
HMMER=GH3(32-159),8,1,477.0,5.031780651115738
HMMER=CE4(1-99),9,1,417.0,6.475250100491565
HMMER=CBM3(18-103),14,1,768.0,5.4691131491131015
HMMER=CE4(2-110),13,1,738.0,5.284903763138328
HMMER=GH133(30-228),15,1,687.0,6.550653303990739
HMMER=GT2_Glyco_tranf_2_3(45-269),36,1,1005.0,10.74698225633824
HMMER=GT2_Glycos_transf_2(49-171),82,1,1134.0,21.694562212052574
HMMER=GT28(139-284),22,1,1053.0,6.268222477778793
Hotpep=GT28(68),24,2,636.0,11.321506465010408
HMMER=GH9(4-309),23,1,933.0,7.395989485984828
HMMER=GH130(22-324),24,1,993.0,7.251236769130534
Hotpep=GH130(7),24,1,993.0,7.251236769130534
HMMER=AA10(32-170),22,1,519.0,12.717607454915353
Hotpep=AA10(3)+CBM12(8)+CBM5(26),22,1,519.0,12.717607454915353
HMMER=GT51(3-122),6,1,474.0,3.7977205230731124
Hotpep=GT51(6),6,1,474.0,3.7977205230731124
HMMER=GT26(59-231),25,1,807.0,9.294297438747702
Hotpep=GT26(18),25,1,807.0,9.294297438747702
HMMER=CBM32(40-165),12,1,498.0,7.229395694524719
HMMER=CE4(47-163),23,1,816.0,8.456443860813534
HMMER=CBM3(65-154),10,1,558.0,5.376701098974477
HMMER=CBM25(19-95),11,1,297.0,11.111848937880588
Hotpep=CBM25(6),22,2,334.5,19.73225192556373
HMMER=GH28(11-239),10,1,720.0,4.16694335170522
Hotpep=GH28(16),10,1,720.0,4.16694335170522
HMMER=GH23(47-178),11,1,561.0,5.882743555348545
HMMER=GT1(94-390),20,1,1221.0,4.914331225598294
HMMER=CBM46(5-77)+CBM46(102-174),55,1,1134.0,14.551230751986484
HMMER=GH23(1-111),3,1,351.0,2.564272831818597
HMMER=cohesin(27-182),7,1,549.0,3.8253906179588903
Hotpep=GH48(8)+CBM2(7),10,1,444.0,6.757205435197654
HMMER=GH74(61-172)+GH74(199-313),15,1,963.0,4.6732074972395
HMMER=GT2_Glycos_transf_2(30-158),42,1,771.0,16.343497659606466
Hotpep=GT2(173),42,1,771.0,16.343497659606466
HMMER=GT35(3-273),14,1,828.0,5.07280060207592
HMMER=CBM22(12-138),6,1,423.0,4.2556017208904375
HMMER=GH13_5(2-126),5,1,378.0,3.9685174778144954
Hotpep=GH13(23),5,1,378.0,3.9685174778144954
Hotpep=GT0(1),4,1,405.0,2.9631597167681565
HMMER=GH10(1-163),8,1,513.0,4.678673237002352
Hotpep=GH2(4),4,1,309.0,3.8837530268320495
HMMER=GT2_Glycos_transf_2(6-140),25,1,849.0,8.834508872873258
HMMER=GH13_11(68-192),8,1,579.0,4.145352971644572
HMMER=GT2_Glycos_transf_2(21-177),14,1,1080.0,3.889147128258205
Hotpep=GT2(168),14,1,1080.0,3.889147128258205
Hotpep=GH13(22)+CBM48(7),5,1,426.0,3.52136057890582
HMMER=GT2_Glycos_transf_2(4-93),3,1,282.0,3.1917012906678286
HMMER=CBM42(114-170),12,1,510.0,7.059292266418256
Hotpep=GH43(83)+CBM42(9),12,1,510.0,7.059292266418256
Hotpep=CE0(19),27,1,1194.0,6.784370080163273
Hotpep=GH25(36),21,1,600.0,10.500697246297156
HMMER=CE4(49-173),27,1,753.0,10.757686421932203
Hotpep=CE4(82),27,1,753.0,10.757686421932203
HMMER=GT4(8-125),9,1,477.0,5.660753232505205
HMMER=GH5_1(3-119),9,1,477.0,5.660753232505205
HMMER=GT4(1-140),24,1,1167.0,6.170075502782022
HMMER=GH30_8(33-203),10,1,609.0,4.9264354897007525
HMMER=GH13(3-180),8,1,552.0,4.34811480177936
HMMER=GT2_Glycos_transf_2(8-137),10,1,441.0,6.803172819110564
Hotpep=GT2(245),10,1,441.0,6.803172819110564
HMMER=CE4(7-114),7,1,531.0,3.9550648761947853
Hotpep=GT2(240)+GT4(192),28,1,1485.0,5.65694127746648
HMMER=CBM42(29-160),9,1,573.0,4.71235478517449
Hotpep=CE0(3)+GH4(1),5,1,552.0,2.7175717511121
HMMER=GH13_16(1-127),6,1,387.0,4.651471648415129
Hotpep=GH43(10)+CBM22(15)+CBM6(4),3,1,423.0,2.1278008604452188
HMMER=cohesin(15-171),15,1,753.0,5.976492456629001
HMMER=CE2(46-146),6,1,441.0,4.081903691466338
HMMER=GH25(3-102),15,1,570.0,7.895261087441471
Hotpep=GT51(31),6,1,606.0,2.970494270522533
HMMER=CBM6(95-198),8,1,594.0,4.040672341047486
Hotpep=GH115(2),2,1,264.0,2.2728781918392107
Hotpep=GH15(15),5,1,471.0,3.1849248548065376
HMMER=CE4(18-144),12,1,594.0,6.061008511571229
Hotpep=CE4(37),12,1,594.0,6.061008511571229
HMMER=GH18(32-306),23,1,1020.0,6.765155088650828
Hotpep=GH18(27)+CBM12(11)+CBM18(12)+CBM2(6)+CBM5(9)+CBM54(8),23,1,1020.0,6.765155088650828
HMMER=CBM42(33-90),4,1,273.0,4.395896283117594
HMMER=PL9_1(1-151),5,1,453.0,3.311478160295539
Hotpep=PL9(3)+CBM35(13),5,1,453.0,3.311478160295539
HMMER=CBM44(89-152),7,1,543.0,3.867660127549596
HMMER=GH84(120-235),21,1,705.0,8.93676361386992
Hotpep=GH84(3)+CBM32(64),21,1,705.0,8.93676361386992
HMMER=GT2_Glyco_trans_2_3(51-244),12,1,810.0,4.4447395751522345
Hotpep=GT2(12),12,1,810.0,4.4447395751522345
HMMER=CBM67(20-112),4,1,345.0,3.478491841423488
HMMER=GT8(3-250),17,1,819.0,6.227519734416593
Hotpep=GT8(23),17,1,819.0,6.227519734416593
Hotpep=GT83(55),10,1,501.0,5.988421583288939
HMMER=GT2_Glycos_transf_2(43-208),13,1,723.0,5.394549069427505
Hotpep=GH81(10)+CBM32(72)+CBM38(6),11,1,597.0,5.528005250503408
HMMER=GH43_9(53-194),8,1,582.0,4.123985172821661
HMMER=GH9(3-172),8,1,516.0,4.6514716484151295
HMMER=GH73(85-205),18,1,663.0,8.145337230482601
Hotpep=GH73(66),18,1,663.0,8.145337230482601
HMMER=CBM4(3-142)+CBM4(178-309)+CBM4(334-410),20,1,1233.0,4.866503184473249
Hotpep=CBM54(1),20,1,1233.0,4.866503184473249
HMMER=PL12_1(118-234),28,1,705.0,11.915684818493226
HMMER=GT2_Glycos_transf_2(8-101),4,1,309.0,3.8837530268320495
Hotpep=GH44(1)+CBM44(1),6,1,363.0,4.959006964012825
HMMER=PL17(2-126),17,1,1002.0,5.090158345795598
Hotpep=PL17(1),17,1,1002.0,5.090158345795598
Hotpep=GH25(1),2,1,309.0,1.9418765134160247
HMMER=GH43_16(34-201),9,1,603.0,4.477909273474267
Hotpep=GH43(10)+CBM6(56)+CBM66(6),9,1,603.0,4.477909273474267
HMMER=GT4(88-190),7,1,573.0,3.6651648329134923
Hotpep=GT4(24),7,1,573.0,3.6651648329134923
HMMER=CE1(23-117),5,1,360.0,4.16694335170522
Hotpep=CE1(39)+CBM9(8),5,1,360.0,4.16694335170522
HMMER=GT2_Glycos_transf_2(1-102),8,1,699.0,3.433704392821469
Hotpep=GT2(21),5,1,420.0,3.5716657300330454
Hotpep=GH67(1),8,1,495.0,4.848806809256984
HMMER=GH108(11-96),12,1,687.0,5.240522643192591
Hotpep=GH108(35),12,1,687.0,5.240522643192591
HMMER=GT2_Glycos_transf_2(5-94),6,1,288.0,6.250415027557831
HMMER=GH43_26(1-206),16,1,618.0,7.767506053664099
Hotpep=CBM3(27),24,2,724.5,9.938548118352822
HMMER=AA6(13-190),20,1,615.0,9.75674540887076
HMMER=GH5_1(1-189),10,1,573.0,5.235949761304989
HMMER=CE1(23-276),10,1,846.0,3.546334767408698
HMMER=GT4(8-161),13,1,543.0,7.182797379734964
HMMER=GT4(116-239),10,1,720.0,4.16694335170522
Hotpep=CBM35(55),7,1,300.0,7.000464830864771
Hotpep=GH127(1),4,1,363.0,3.3060046426752163
HMMER=GT2_Glycos_transf_2(1-99),14,1,588.0,7.143331460066092
HMMER=SLH(9-49),4,1,231.0,5.195150152775339
HMMER=GH23(51-179),12,1,567.0,6.349627964503193
HMMER=GT2_Glycos_transf_2(7-123),16,1,966.0,4.969274059176412
Hotpep=GT2(43),16,1,966.0,4.969274059176412
HMMER=CBM9(1-115),4,1,360.0,3.333554681364176
HMMER=GT4(64-165),5,1,495.0,3.0305042557856146
HMMER=GH104(1-82),3,1,276.0,3.26108610133452
Hotpep=GH104(1),3,1,276.0,3.26108610133452
HMMER=GT5(1-186),11,1,564.0,5.851452366224352
HMMER=SLH(193-232),14,1,741.0,5.668392575599004
HMMER=CE7(1-156),6,1,468.0,3.8464092477278955
HMMER=GH13_3(71-170),6,1,555.0,3.2434586088948736
HMMER=CBM6(1-90),6,1,504.0,3.5716657300330454
Hotpep=GH43(124)+CBM22(15)+CBM6(9),6,1,504.0,3.5716657300330454
Hotpep=GH78(1),6,1,414.0,4.34811480177936
HMMER=GH26(2-139),3,1,420.0,2.142999438019827
Hotpep=GH26(10)+CBM3(11)+CBM35(18),3,1,420.0,2.142999438019827
HMMER=CE9(8-306),22,1,921.0,7.166599640717773
Hotpep=PL17(3),4,1,507.0,2.3670210755248586
Hotpep=CE1(13),5,2,369.0,4.065310587029483
HMMER=GH13_5(1-127),3,1,381.0,2.362361585218707
Hotpep=GH13(86),3,1,381.0,2.362361585218707
Hotpep=CBM62(5),5,1,297.0,5.050840426309358
Hotpep=GH48(3),6,1,411.0,4.379852866025925
HMMER=CE8(1-228),8,1,714.0,3.3615677459134554
Hotpep=CE8(23),8,1,714.0,3.3615677459134554
HMMER=GT2_Glycos_transf_2(25-212),10,1,660.0,4.545756383678422
HMMER=GT2_Glycos_transf_2(4-111),5,1,342.0,4.386256159689705
Hotpep=CE14(7),3,1,174.0,5.172757264185791
HMMER=cohesin(34-181),8,1,543.0,4.4201830029138245
HMMER=CBM32(36-103),7,1,315.0,6.667109362728352
HMMER=GT51(1-146),7,1,453.0,4.636069424413755
Hotpep=GT51(62),7,1,453.0,4.636069424413755
Hotpep=GH95(26),3,1,411.0,2.1899264330129626
Hotpep=GT26(6),2,1,243.0,2.469299763973464
HMMER=GT26(17-102),4,1,348.0,3.4485048427905274
Hotpep=GT26(69),4,1,348.0,3.4485048427905274
HMMER=PL10_1(1-237),10,1,780.0,3.8464092477278955
Hotpep=PL10(14),10,1,780.0,3.8464092477278955
HMMER=GH13_9(2-140),7,1,420.0,5.000332022046264
HMMER=CBM3(127-181),7,1,561.0,3.743564080676347
HMMER=cohesin(2-154)+cohesin(169-325),13,1,1002.0,3.8924740291378104
HMMER=CBM25(25-101),8,1,450.0,5.333687490182681
Hotpep=CBM25(9),8,1,450.0,5.333687490182681
HMMER=GH74(93-201),16,1,915.0,5.246249990343621
Hotpep=GH74(1),16,1,915.0,5.246249990343621
HMMER=GT2_Glycos_transf_2(90-159),10,1,489.0,6.1353767141671955
Hotpep=GH9(2)+CBM4(1),9,1,444.0,6.0814848916778885
HMMER=GH30_5(31-194),9,1,582.0,4.639483319424369
Hotpep=GH30(16)+GH43(83),9,1,582.0,4.639483319424369
Hotpep=GH51(2),5,1,324.0,4.629937057450244
Hotpep=GH0(102),5,1,384.0,3.906509392223644
Hotpep=GH130(4),3,1,228.0,3.9476305437207344
Hotpep=GH106(4),4,1,387.0,3.1009810989434192
HMMER=GT4(102-252),15,1,834.0,5.396041750409638
Hotpep=GH1(23),4,1,450.0,2.6668437450913407
Hotpep=GH18(116),6,1,279.0,6.452041318769372
HMMER=GT19(2-142),5,1,426.0,3.52136057890582
HMMER=GH43_17(1-145),5,1,513.0,2.92417077312647
HMMER=GT1(21-229),12,1,747.0,4.819597129683146
HMMER=CE4(8-133),15,1,720.0,6.25041502755783
Hotpep=GH97(1),9,1,549.0,4.918359365947144
HMMER=GT4(4-125),8,1,378.0,6.349627964503193
Hotpep=GH43(122),3,1,171.0,5.2635073916276465
HMMER=GT30(1-82),2,1,246.0,2.43918635221769
HMMER=CBM6(98-184),7,1,552.0,3.80460045155694
HMMER=CBM25(38-116),11,1,372.0,8.871556813307887
Hotpep=CE4(45),4,1,153.0,7.8436580737980615
HMMER=GH126(6-138),4,1,414.0,2.89874320118624
HMMER=CE15(4-134),7,1,402.0,5.224227485719977
HMMER=GT4(3-106),4,1,321.0,3.7385659977915995
HMMER=cohesin(3-107),8,1,330.0,7.273210213885475
HMMER=PL1_2(1-104),4,1,354.0,3.390055608166959
HMMER=GH23(8-82),6,1,267.0,6.742020703882603
Hotpep=GT85(1),2,1,249.0,2.409798564841573
HMMER=CBM6(35-124),6,1,381.0,4.724723170437414
HMMER=GH105(1-130),4,1,399.0,3.007718509501512
Hotpep=GH105(3),4,1,399.0,3.007718509501512
HMMER=CE12(4-89),4,1,327.0,3.669968456547717
HMMER=GT87(2-99),4,1,357.0,3.3615677459134554
Hotpep=GT87(8),4,1,357.0,3.3615677459134554
HMMER=GH18(13-165),6,1,534.0,3.3710103519413015
HMMER=GH13_18(3-135),5,1,405.0,3.7039496459601957
HMMER=CE14(5-115),10,1,474.0,6.3295342051218535
HMMER=GH15(3-121),2,1,366.0,1.6394531219823816
HMMER=GH15(1-221),14,1,663.0,6.335262290375357
Hotpep=GH33(18),3,1,312.0,2.8848069357959214
Hotpep=GT26(40),4,1,177.0,6.780111216333918
HMMER=CBM50(3-45),10,1,378.0,7.937034955628991
Hotpep=GT0(159),11,2,384.0,8.594320662892017
HMMER=GH3(28-129),6,1,408.0,4.4120576665114095
Hotpep=GH3(76),6,1,408.0,4.4120576665114095
HMMER=CE14(39-115),4,1,366.0,3.278906243964763
HMMER=GH73(45-100),3,1,312.0,2.8848069357959214
Hotpep=GH73(2),3,1,312.0,2.8848069357959214
HMMER=GT26(26-109),2,1,330.0,1.8183025534713688
HMMER=cohesin(34-137),6,1,414.0,4.34811480177936
Hotpep=CE4(2)+GH153(6),5,1,375.0,4.0002656176370115
Hotpep=GH13(30),2,1,312.0,1.9232046238639477
HMMER=CBM61(5-115),4,1,351.0,3.4190304424247957
Hotpep=GH94(18)+GT84(1),4,1,321.0,3.7385659977915995
Hotpep=GT2(93),3,1,222.0,4.054323261118593
Hotpep=CBM6(4),2,1,198.0,3.0305042557856146
Hotpep=GH2(47),6,1,510.0,3.529646133209128
Hotpep=GT83(58),2,1,174.0,3.4485048427905274
Hotpep=CBM48(18),4,1,204.0,5.882743555348546
HMMER=GH3(1-119),4,1,360.0,3.333554681364176
Hotpep=GH24(1),1,1,192.0,1.5626037568894575
Hotpep=CBM44(1),2,1,354.0,1.6950278040834794
Hotpep=GH26(20),8,1,309.0,7.767506053664099
Hotpep=GT4(196),4,1,324.0,3.7039496459601953
Hotpep=CBM40(7),2,1,198.0,3.0305042557856146
HMMER=cohesin(13-103),3,1,324.0,2.7779622344701465
Hotpep=GT28(15),1,1,171.0,1.7545024638758822
Hotpep=GT2(182),2,1,243.0,2.469299763973464
