seq_id,seq_read_count,seq_length,FPKM
k141_11537_2,21,1065,5.9158857725617775
k141_9355_22,438,1539,85.38578657529294
k141_15260_110,608,2268,80.42862088370711
k141_7985_2,7,372,5.645536153923201
k141_11769_287,460,1647,83.7942706790995
k141_13584_1,32,1698,5.654085678638886
k141_15260_62,329,1218,81.03986380557738
k141_7902_60,676,2529,80.19512329545137
k141_13883_183,552,2040,81.18186106380993
k141_1665_9,38,534,21.349732228961575
k141_7967_11,116,1284,27.104603483989095
k141_9355_177,334,1254,79.909612218347
k141_6071_5,146,2361,18.552693144059834
k141_9863_1,248,2508,29.66704166190128
k141_6798_5,186,996,56.02781663256657
k141_11769_149,270,972,83.33886703410441
k141_11206_261,270,1011,80.12401459658703
k141_2386_85,434,1551,83.95141576665682
k141_11206_47,709,2553,83.31928093139368
k141_15550_62,89,1392,19.182308188022308
k141_7696_43,301,1665,54.23783562651984
k141_3372_48,121,1731,20.971929797837017
k141_13883_65,790,3078,77.00316369233039
k141_5618_105,468,2550,55.0624796780624
k141_11206_217,553,2028,81.81016592282793
k141_13883_48,586,2289,76.80719698346292
k141_3425_1,55,1716,9.616023119319738
k141_2580_29,213,3513,18.190789422644823
k141_13778_1,187,990,56.670429583190995
k141_13883_520,645,2364,81.85822726446295
k141_9180_12,175,615,85.37152232761915
k141_3192_103,252,951,79.50054697512041
k141_8710_4,111,1269,26.24287727882437
k141_13883_240,620,2553,72.86030208387035
k141_9320_24,522,1929,81.18735040460808
k141_3783_13,272,1506,54.18686494010294
k141_14628_22,362,1320,82.27819054457945
k141_5581_35,619,3225,57.5852190073793
k141_7944_85,229,1206,56.968956868089286
k141_9355_77,130,537,72.63052099061612
k141_2491_6,71,1299,16.39831748569445
k141_5065_36,335,6273,16.022106431233844
k141_11905_30,182,918,59.481073726301965
k141_15548_6,211,7071,8.952652156569892
k141_15481_54,237,2283,31.145300636661357
k141_7902_192,1408,4641,91.02091127396432
k141_11357_1,64,576,33.33554681364176
k141_12075_3,177,1650,32.18395519644323
k141_8422_5,117,2421,14.49910400444642
k141_11206_267,307,1071,86.0001081662859
k141_3536_17,76,1365,16.70440587584686
k141_11206_79,670,2448,82.11329546007346
k141_10957_4,234,1320,53.18534968903754
k141_11206_81,349,1296,80.79240165250675
k141_14006_6,161,3000,16.10106911098897
k141_11769_289,540,1983,81.69982728910688
k141_11958_54,201,2100,28.716192469465685
k141_7944_83,214,1230,52.19858793745857
k141_7944_89,229,1068,64.33011421621316
k141_1996_6,562,2091,80.6366311733142
k141_9236_3,209,2187,28.67131392613633
k141_8442_6,158,543,87.29861430754804
k141_13118_18,110,1155,28.573325840264367
k141_12278_14,210,2205,28.573325840264364
k141_2581_4,327,2988,32.83350544596643
k141_8344_76,153,543,84.53599993072689
k141_13883_266,354,1395,76.1340875614786
k141_5581_20,436,2487,52.59697856724176
k141_7696_45,345,1845,56.10128610100686
k141_11206_258,291,1146,76.18306902698758
k141_13436_9,269,4311,18.72079768866312
k141_15697_44,35,663,15.83815572593839
k141_14632_49,203,741,82.19169234618556
k141_5585_47,71,1167,18.253140029063484
k141_5522_9,189,1083,52.35804721145396
k141_2580_9,178,2673,19.97887990851257
k141_11211_1,55,684,24.12440887829338
k141_3192_18,925,3483,79.67798657007397
k141_15481_4,290,2649,32.84476299871839
k141_5265_266,336,1317,76.54266785455785
k141_8442_34,239,951,75.39932828195944
k141_7902_224,612,2271,80.85081103018003
k141_11206_156,444,1650,80.73263337412878
k141_11206_83,537,2187,73.66744295854167
k141_1838_44,449,1806,74.58967036208547
k141_8344_19,578,2130,81.41385658430255
k141_6814_10,636,1326,143.90095773852596
k141_6265_5,125,1335,28.09175293284418
k141_14628_100,450,1710,78.95261087441469
k141_2018_47,241,1545,46.79922397332621
k141_12169_4,79,738,32.11595363753292
k141_8300_17,849,3363,75.74097924562494
k141_7902_163,946,3525,80.51598455924709
k141_14848_10,164,1656,29.71211781215896
k141_13883_466,323,1284,75.4723010804179
k141_5265_257,356,1299,82.22254964658062
k141_7902_61,484,1785,81.34993945110561
k141_15260_1,272,924,88.31755259718076
k141_3192_22,112,456,73.68910348278705
k141_2746_3,171,1530,33.53163826548671
k141_14712_73,191,2232,25.67374774760313
k141_5620_21,128,2241,17.13634534998452
k141_5265_225,352,1410,74.89859028767171
k141_5711_66,259,1002,77.55005950359177
k141_10430_6,140,1287,32.63619967769124
k141_14543_70,191,2025,28.2981752951359
k141_10913_22,101,1953,15.515623171326348
k141_11206_293,588,2319,76.07232157731444
k141_5265_220,592,2187,81.21252557068281
k141_5722_3,119,1116,31.99137153889814
k141_9379_77,124,1206,30.847819439489395
k141_9320_38,362,1356,80.09381380445785
k141_12920_12,285,993,86.10843663342509
k141_11708_95,230,3528,19.55912185494287
k141_3617_12,358,2007,53.51625901024103
k141_12942_30,85,1350,18.890143194396995
k141_5711_124,240,444,162.17293044474368
k141_9377_40,260,2595,30.059799438890835
k141_14904_6,78,1458,16.050448465827515
k141_10682_61,103,1482,20.85158697452491
k141_11307_5,157,1977,23.825557737822866
k141_5734_28,115,1890,18.25518039794668
k141_7185_1,23,1356,5.088833473763897
k141_13041_3,24,1110,6.486917217789747
k141_5265_169,751,2856,78.8917930369064
k141_13883_340,471,1902,74.2951540184161
k141_11769_67,617,2316,79.9275869845219
k141_2386_92,268,924,87.01876505898693
k141_3985_92,314,1353,69.62768314512314
k141_3192_16,442,1764,75.17505965117174
k141_12697_69,314,1446,65.14955414616294
k141_9355_227,422,1434,88.29038130977085
k141_7592_96,539,2037,79.38671457681698
k141_14543_98,248,2337,31.837800807894055
k141_8442_7,259,1026,75.73602302397558
k141_8344_20,801,2997,80.18550449767883
k141_11357_3,163,1437,34.03148724816455
k141_9959_107,532,2904,54.96232718447547
k141_4365_6,107,1122,28.611525473740652
k141_8344_13,516,1917,80.75653594290681
k141_15191_38,243,3531,20.647080396894513
k141_15260_36,277,1035,80.29518667285885
k141_7004_57,69,1134,18.25518039794668
k141_7037_15,113,1170,28.976282999550147
k141_5618_1,546,2637,62.12016573463618
k141_9355_76,424,1662,76.53937824359625
k141_15260_49,346,1221,85.0179302028505
k141_2138_11,129,2493,15.524496530540747
k141_5581_39,437,2358,55.601656326570414
k141_11769_141,273,912,89.80859486964671
k141_2004_37,201,1092,55.223447056664774
k141_1418_44,249,2514,29.7155769329241
k141_9959_35,370,1932,57.457231309227254
k141_2673_45,41,558,22.044474505795357
k141_6265_127,152,1257,36.27925858477481
k141_3192_74,291,1215,71.8566231316278
k141_14543_71,147,1629,27.073620892847178
k141_15178_63,306,1584,57.958393891899874
k141_5265_187,407,1419,86.05222549567988
k141_6834_2,21,822,7.6647425155453695
k141_11940_21,125,2028,18.492352152537958
k141_14232_10,255,2499,30.614277685997536
k141_9355_296,290,1086,80.11581692781307
k141_566_57,683,2574,79.60901564236826
k141_5568_14,47,819,17.21726044221058
k141_9377_57,164,1770,27.79845598696906
k141_8442_65,654,2544,77.1277627928834
k141_10957_27,399,2055,58.2520431181448
k141_10941_2,96,2796,10.301113178464409
k141_13883_427,723,2631,82.44561121868755
k141_2346_1,11,555,5.946340782973935
k141_13883_286,331,1215,81.73382218752165
k141_15260_54,399,1443,82.95769134288813
k141_3300_13,164,915,53.774062401022114
k141_13265_5,89,2778,9.611869329635368
k141_10044_15,134,1935,20.77657336292091
k141_9320_37,199,759,78.6613495958266
k141_14712_31,68,570,35.791850263068
k141_15260_55,348,1224,85.29978155255392
k141_9417_23,240,1887,38.15833657523381
k141_8411_70,136,2553,15.982259811945756
k141_15178_36,364,2022,54.009520950292
k141_14153_62,147,1293,34.1089933754432
k141_13436_1,81,1044,23.277407688836057
k141_11741_61,100,1440,20.8347167585261
k141_3192_119,245,918,80.07067617002187
k141_10190_10,129,1272,30.426548624715473
k141_1955_2,98,3408,8.627333418319258
k141_15503_37,134,2331,17.246962444123536
k141_6465_31,550,8580,19.232046238639477
k141_1838_45,274,1095,75.0734780296261
k141_13883_584,617,2277,81.2965706878141
k141_6265_260,208,2136,29.215423050157945
k141_4365_49,85,939,27.158352835395046
k141_13883_408,623,2523,74.0833971399482
k141_5581_58,300,1455,61.85977759232491
k141_2724_1,135,714,56.72645571228956
k141_13436_2,85,1356,18.80655848999701
k141_8127_5,59,2205,8.027743926550464
k141_12942_4,422,7734,16.37036550274262
k141_6265_250,240,2265,31.790190338837174
k141_5020_1,51,1533,9.98109327296906
k141_15503_20,97,1677,17.353567303702597
k141_11314_3,36,1245,8.675274833429663
k141_384_2,45,1356,9.956413318233711
k141_15550_74,80,1284,18.692829988957996
k141_12128_1,10,645,4.6514716484151295
k141_14898_2,52,1518,10.277362258751214
k141_4319_43,256,1278,60.09788721332599
k141_3372_102,84,1209,20.84505656833182
k141_3536_22,76,1200,19.001261683775805
k141_11769_163,253,999,75.98102111577806
k141_5872_10,371,1992,55.87720422226398
k141_3617_91,375,2100,53.57498595049568
k141_5955_5,127,1494,25.50370147790665
k141_1956_1,9,408,6.618086499767115
k141_12920_10,405,1503,80.84369137440068
k141_3192_125,292,1068,82.027918563905
k141_13118_6,277,2700,30.77982155792922
k141_1709_4,87,2745,9.508828107497813
k141_9845_1,55,3204,5.150154704354766
k141_11168_6,51,1833,8.347526452515858
k141_15169_6,307,3189,28.8824446052343
k141_2004_52,285,1410,60.64232452268874
k141_15260_31,399,1407,85.08027619601106
k141_7059_3,121,1839,19.74029933662636
k141_7219_1,18,627,8.613012095390694
k141_3192_53,679,2523,80.74257890533681
k141_11206_68,563,2079,81.24637600034767
k141_13883_100,387,1434,80.96771935279934
k141_11206_174,753,2625,86.06285743087628
k141_5265_129,261,1017,76.99626299434071
k141_7037_142,141,1200,35.25234075542617
k141_2004_29,167,873,57.39212698843478
k141_15481_27,97,993,29.307081941902574
k141_750_3,44,498,26.507784213257302
k141_1824_38,534,1878,85.3091789064762
k141_5618_45,207,1056,58.81072321383958
k141_1418_40,228,2382,28.717272066159904
k141_13883_4,365,1368,80.04917491433712
k141_11206_69,658,2394,82.46161580216646
k141_7427_26,109,1119,29.224460611423204
k141_3087_2,18,780,6.923536645910212
k141_3354_1,42,1524,8.268265548265475
k141_11940_20,129,2118,18.273168012577003
k141_13113_50,160,2613,18.370909839894427
k141_14712_118,154,1380,33.48048397370108
k141_10190_13,149,1668,26.8003406937012
k141_11905_7,385,1869,61.8018564522572
k141_10527_48,332,3354,29.697857447573515
k141_10947_4,75,1308,17.20297714006742
k141_7796_2,28,1257,6.683021318247991
k141_10884_3,33,1035,9.565852563914593
k141_9959_101,510,3096,49.421886264410745
k141_8265_1,19,807,7.063666053448253
k141_8710_17,161,1461,33.06174355439214
k141_5711_39,658,2514,78.52550048941389
k141_6798_31,509,2604,58.64444698667162
k141_8228_2,141,1344,31.475304245916217
k141_3756_1,4,393,3.053637876058787
k141_6265_244,323,3111,31.149609317665252
k141_7902_59,554,2076,80.06311965935348
k141_15512_34,91,1569,17.400773002149524
k141_11307_77,95,1428,19.959308491361142
k141_630_2,38,1143,9.974415582034542
k141_14042_6,49,1704,8.627333418319258
k141_5581_34,158,876,54.113182156391076
k141_14543_125,164,1626,30.26031186773385
k141_4319_45,237,1179,60.30934805216104
k141_11206_312,400,1383,86.77365764939287
k141_10527_4,102,1050,29.14479235706965
k141_14712_89,128,1149,33.422584794878425
k141_11769_33,401,1545,77.8692481879826
k141_13113_62,186,3495,15.96672542661983
k141_14712_4,170,1512,33.73239856142321
k141_309_1,14,807,5.204806565698713
k141_14278_3,86,3048,8.465129013700368
k141_3309_12,120,1074,33.5217789187459
k141_3635_2,39,1071,10.925095174218729
k141_7196_55,140,2367,17.74515799965721
k141_9709_1,64,951,20.190615104792485
k141_4755_2,237,2049,34.70215781039428
k141_11708_113,92,1401,19.701522313843952
k141_11769_45,322,1254,77.03860818655009
k141_14160_4,35,1347,7.795617851742505
k141_13883_288,1008,3885,77.84300661347697
k141_2109_29,520,1944,80.25224232913757
k141_10970_2,179,3150,17.048751084691073
k141_14432_114,81,1323,18.36856661159852
k141_2501_3,56,1512,11.111848937880588
k141_5513_76,84,1227,20.539261117451645
k141_7176_1,55,2058,8.01802510823745
k141_3536_24,85,1581,16.130103296923433
k141_13808_27,130,2256,17.288381991117404
k141_644_12,217,2211,29.44564582860351
k141_14153_8,245,2301,31.944754769265572
k141_13436_64,258,3831,20.20494380090738
k141_7696_12,458,2367,58.052016884592874
k141_2580_37,82,993,24.775058961195988
k141_9245_14,72,741,29.151733245937738
k141_14388_151,77,1314,17.581076059249423
k141_13118_4,106,1134,28.04419017655577
k141_14712_122,239,2166,33.104691226289674
k141_7696_13,421,2253,56.062311086057974
k141_7579_10,151,1548,29.26550912127852
k141_15172_138,172,2748,18.77853947144012
k141_14895_1,14,1053,3.9888688494955953
k141_14555_9,44,429,30.771273981823164
k141_15675_1,52,2499,6.242911528124988
k141_8963_20,76,813,28.046142706680154
k141_15260_33,344,1212,85.15416908831261
k141_4732_4,60,2211,8.141653224498667
k141_1265_1,30,1146,7.853924641957483
k141_3192_126,332,1245,80.00531235274022
k141_5265_188,436,1653,79.1341111292984
k141_3078_46,198,891,66.67109362728353
k141_13883_354,247,909,81.5235649798962
k141_7902_239,166,627,79.43111154638085
k141_12169_14,96,951,30.285922657188728
k141_4592_162,133,2169,18.3967955444579
k141_1848_9,113,1242,27.296498477837094
k141_15178_51,229,1260,54.52743014517117
k141_12163_1,22,915,7.213593736722479
k141_12057_40,172,2520,20.477550185522798
k141_13883_101,467,1818,77.0678235741124
k141_13883_424,207,870,71.3840502457639
k141_10527_32,159,1464,32.58413079939984
k141_688_16,102,2052,14.913270942944997
k141_4491_3,94,1746,16.152275260218172
k141_3078_53,361,1995,54.2893190965023
k141_11206_80,355,1434,74.2727141349968
k141_3078_77,444,2478,53.756596072361766
k141_12048_2,71,1131,18.83414183370211
k141_9863_7,146,1350,32.446598898611306
k141_13376_2,15,930,4.839030989077029
k141_12057_2,69,1440,14.37595456338301
k141_3038_1,58,1590,10.94412291617673
k141_9642_5,140,1242,33.81867068050613
k141_10447_5,82,1881,13.079018367074758
k141_10190_18,189,1863,30.43680361245552
k141_281_3,58,477,36.480409720589094
k141_9940_4,15,381,11.811807926093536
k141_14207_2,18,1026,5.2635073916276465
k141_14543_161,357,3498,30.61952884855088
k141_12057_36,147,2745,16.06664059542734
k141_4059_2,53,1686,9.431231215959146
k141_12174_1,16,711,6.7515031521299775
k141_5581_49,320,1488,64.52041318769372
k141_5065_37,160,3381,14.197925883361176
k141_7037_53,104,999,31.23330512269138
k141_11206_82,484,1977,73.44949009621826
k141_7944_41,229,1248,55.051732358105504
k141_6786_19,222,2205,30.2060873168509
k141_7921_1,17,846,6.028769104594787
k141_6811_15,77,1212,19.060671569186255
k141_2386_89,333,1185,84.30939561222308
k141_14628_33,515,2052,75.2973974080066
k141_7944_79,216,1230,52.686425207902104
k141_14447_4,33,900,11.00073044850178
k141_5522_10,163,975,50.15717659037176
k141_9379_27,143,1275,33.64929313659369
k141_2088_35,50,879,17.065979597427525
k141_9959_8,253,1392,54.52948282662521
k141_9431_1,14,249,16.86858995389101
k141_2688_18,154,1260,36.66910149500594
k141_10527_35,183,1782,30.81012660048708
k141_3192_20,304,1149,79.37863888783625
k141_3321_7,111,1275,26.11938138574755
k141_14388_38,79,1377,17.212471884167968
k141_13455_20,112,1194,28.142572184380985
k141_5871_114,136,2595,15.723587398804435
k141_10263_2,28,1032,8.140075384726476
k141_13883_409,273,1146,71.4707142418131
k141_5967_2,42,1434,8.78719434836582
k141_11467_1,5,393,3.8170473450734836
k141_3112_1,24,1518,4.743397965577484
k141_9396_16,62,1122,16.578640928709536
k141_11940_4,147,2427,18.17178757084798
k141_9959_145,207,1131,54.91080788135685
k141_11206_173,631,2331,81.215173897328
k141_10430_17,392,3417,34.418439905919854
k141_7037_136,272,2682,30.427076286277043
k141_14380_9,66,1176,16.837852727298646
k141_5581_97,246,1221,60.44627407485902
k141_3372_109,149,1773,25.21318007732296
k141_13883_365,330,1215,81.4868922111243
k141_14632_50,382,1359,84.33231048219307
k141_15260_64,241,843,85.77081973759073
k141_4828_9,58,639,27.23185514353834
k141_13883_477,418,1521,82.4512341307826
k141_2295_5,289,1428,60.71831741056179
k141_14632_58,285,1086,78.7345097394025
k141_5871_63,74,1152,19.272113001636644
k141_6295_3,83,2331,10.6828200213601
k141_15480_15,146,2256,19.416182851562624
k141_13883_410,290,1116,77.96216593512992
k141_13118_15,126,1122,33.69207672608712
k141_11206_255,264,1047,75.64972228196068
k141_3000_3,191,3531,16.22877512677717
k141_11905_34,399,2220,53.922499372877276
k141_8977_4,233,1842,37.95040264289184
k141_11206_172,284,1110,76.76185374384534
k141_3570_3,76,2580,8.837796131988746
k141_14388_165,68,996,20.48328780115337
k141_14006_38,75,1476,15.244914701360562
k141_1824_39,295,1140,77.6367340265078
k141_4740_2,31,1680,5.536081881551221
k141_14555_7,108,1170,27.69414658364085
k141_7592_95,218,843,77.58522283317335
k141_7337_6,47,1878,7.508485783903336
k141_8024_44,272,1485,54.95314383824581
k141_8333_15,144,1431,30.190683906694424
k141_5522_19,448,2169,61.96815341291082
k141_13883_380,412,1641,75.32492844910642
k141_12827_7,165,1731,28.598086087959565
k141_3192_101,336,1371,73.52785817976125
k141_11778_1,19,915,6.2299218635330496
k141_2295_13,157,918,51.31059656609565
k141_11357_2,121,1134,32.01270765437027
k141_6265_251,151,1494,30.323298607589795
k141_11206_268,350,1278,82.16508017446913
k141_10527_47,206,2112,29.26330671992984
k141_10044_2,155,2658,17.495518361561423
k141_7944_102,187,1089,51.518572348355455
k141_12920_11,374,1452,77.27785852253318
k141_8710_3,134,1134,35.45208946847616
k141_15191_16,76,870,26.208636805208002
k141_11206_262,286,1014,84.6210034500137
k141_3235_2,30,1641,5.484824887070856
k141_13905_1,31,1158,8.031621382561358
k141_6265_281,170,1401,36.404986884276866
k141_14632_51,263,1080,73.06040676656485
k141_7329_6,55,1683,9.804572592247576
k141_7927_15,88,1695,15.576255502303407
k141_4465_16,146,1920,22.81401485058608
k141_3372_89,95,1410,20.21410817422958
k141_10430_8,198,1695,35.04657488018267
k141_3520_2,11,534,6.180185645225719
k141_15172_136,86,1569,16.44468657345999
k141_7696_3,217,1263,51.54736573795912
k141_2764_3,33,720,13.750913060627227
k141_15613_16,67,1119,17.96365927491151
k141_781_2,31,1680,5.536081881551221
k141_13883_407,556,2058,81.05494473054587
k141_7902_89,426,1563,81.77126454478727
k141_5581_36,383,2145,53.569990613810326
k141_3445_2,20,792,7.576260639464036
k141_2018_17,480,2298,62.66734649039704
k141_9377_27,183,1881,29.18854098993513
k141_5618_128,135,801,50.565155279119516
k141_13118_14,81,999,24.325939566711554
k141_1824_56,364,1422,76.7983483554785
k141_5618_91,220,1218,54.19079038670828
k141_14632_55,237,882,80.61759790646018
k141_15719_14,361,1989,54.45308778155962
k141_5284_15,54,651,24.886445086681867
k141_9377_23,157,1545,30.487461260631594
k141_5566_3,38,741,15.385636990911584
k141_526_3,88,2448,10.785029851472334
k141_10430_9,133,1443,27.65256378096271
k141_14230_1,20,1134,5.291356637085994
k141_5265_18,568,1974,86.32792062377744
k141_7592_23,526,2181,72.3569365501055
k141_15719_18,484,2625,55.31795882675181
k141_3680_10,54,1101,14.714873525367754
k141_11307_35,60,963,18.692829988958
k141_5581_46,215,1164,55.41605075979108
k141_11206_78,379,1509,75.35291595847055
k141_6495_5,73,2445,8.957650002684105
k141_4669_1,18,759,7.115096948366225
k141_12703_21,276,2619,31.6172196582994
k141_9843_8,164,1863,26.41077138858574
k141_1976_2,106,3429,9.274456593821592
k141_7944_66,259,1299,59.819214490068475
k141_6539_1,21,1047,6.017591545155963
k141_3432_5,179,705,76.17527080393883
k141_13455_17,134,1254,32.05954502173203
k141_13654_13,52,1077,14.485641512334581
k141_9320_118,76,276,82.61418123380784
k141_8024_51,138,732,56.561132708392165
k141_14543_160,143,1614,26.58169067481843
k141_8067_1,14,468,8.974954911365089
k141_10692_4,13,612,6.372972184960925
k141_3474_68,76,1461,15.606785777228586
k141_11206_263,278,1086,76.80067967562769
k141_1484_1,19,621,9.179353470423093
k141_11206_86,377,1365,82.86264493676666
k141_5017_29,48,888,16.21729304447437
k141_3617_65,156,741,63.162088699531765
k141_13654_18,80,1053,22.793536282831973
k141_7624_3,39,1047,11.175527155289647
k141_14628_40,313,1143,82.15768624149504
k141_7696_2,225,1200,56.253735248020476
k141_13118_19,122,999,36.6390694708495
k141_7902_225,278,1056,78.98251716641258
k141_3723_6,58,2343,7.4268695846013655
k141_5156_2,18,675,8.000531235274021
k141_8024_53,217,1107,58.81149315902652
k141_11206_256,245,954,77.04914122020973
k141_9417_7,171,1494,34.33962954899241
k141_5522_7,274,1398,58.80218772706766
k141_2581_6,139,1440,28.96025629435128
k141_13118_22,129,1224,31.619746609998437
k141_3617_79,376,2094,53.87177192806291
k141_15449_2,74,2433,9.12514351742105
k141_13561_1,325,1719,56.72278908080404
k141_6539_2,13,642,6.075169746411349
k141_5522_3,273,1371,59.74138477105602
k141_14693_30,99,1620,18.334550747502966
k141_1209_8,93,1254,22.25028124642596
k141_9677_5,395,3645,32.51244689231727
k141_12604_2,36,1221,8.84579620607693
k141_9608_1,96,3795,7.589436744923973
k141_566_10,136,498,81.93315120461348
k141_5872_2,273,1419,57.720534546242284
k141_11704_1,64,1878,10.22432106744284
k141_6798_8,191,1071,53.50495328912249
k141_7365_4,70,2148,9.777185517967554
k141_3516_3,363,1851,58.83696998388311
k141_1595_2,17,906,5.629512872502416
k141_5703_4,85,2241,11.379604333974095
k141_662_1,50,1626,9.225704837723734
k141_5513_125,37,480,23.126535601963973
k141_1109_8,173,1647,31.513932233661336
k141_6529_5,194,1995,29.174869542164668
k141_11206_259,243,810,90.00597639683275
k141_13436_178,60,1020,17.648230666045638
k141_7017_3,52,1716,9.091512767356845
k141_11769_290,296,984,90.24989503205452
k141_6320_73,178,1011,52.822498511824044
k141_9540_2,39,1026,11.404266015193233
k141_3321_12,71,678,31.418015359759707
k141_7673_4,18,870,6.207308717022948
k141_7037_74,98,990,29.698941706699024
k141_14808_3,62,1113,16.712700019777273
k141_12155_24,141,2049,20.645587558082674
k141_11206_266,321,1116,86.29605263854036
k141_12808_13,105,3069,10.264611188951276
k141_9677_3,103,1086,28.454928081257744
k141_14006_12,128,2004,19.162949066524604
k141_14172_3,18,1023,5.278942897174942
k141_860_4,311,1047,89.1176652639764
k141_8333_2,77,894,25.84064199312499
k141_3309_13,113,1392,24.3550654522081
k141_13180_1,21,930,6.774643384707841
k141_15481_42,140,1083,38.78373867515108
k141_3078_64,480,2550,56.47433813134605
k141_12920_16,147,624,70.67776992700007
k141_965_36,57,1284,13.318641367132573
k141_2580_66,20,582,10.309962932054153
k141_1716_20,42,870,14.483720339720213
k141_13436_210,40,717,16.737513044506322
k141_9417_22,117,1014,34.61768322955106
k141_14388_176,206,3282,18.831232112276606
k141_5426_1,6,660,2.7274538302070535
k141_8411_43,123,2475,14.910080938465223
k141_7037_48,80,927,25.891686845546996
k141_14951_23,74,1239,17.918865357453925
k141_14628_97,168,612,82.35840977487965
k141_2004_28,214,1077,59.61398622383847
k141_522_1,41,1170,10.513518610456249
k141_14006_11,116,2274,15.30444629438962
k141_5333_17,107,1245,25.78484464380483
k141_2540_18,52,867,17.994274404595554
k141_11769_201,249,966,77.33432754593291
k141_7902_231,463,1683,82.53667473110232
k141_10996_11,147,597,73.87425198400008
k141_13941_1,24,846,8.511203441780875
k141_13883_403,384,1443,79.83898114202768
k141_14018_8,110,2385,13.83739679056828
k141_15260_60,224,747,89.96581308741872
k141_13265_7,12,495,7.273210213885475
k141_12776_5,127,2091,18.222156866567445
k141_1122_5,26,1155,6.753695198607941
k141_14432_99,52,849,18.375778455576377
k141_14432_115,72,921,23.45432609689453
k141_11958_134,204,1746,35.05387396898412
k141_14264_6,101,1068,28.37267046217262
k141_7944_90,149,873,51.20614922920229
k141_11314_2,47,1818,7.756290595253281
k141_4319_87,277,1443,57.592181709223084
k141_13654_19,66,1263,15.678000639194938
k141_7336_11,199,1839,32.46545097511277
k141_4491_2,91,1563,17.467570595247984
k141_14951_48,66,1116,17.743113626615774
k141_13436_258,84,1140,22.106731044836117
k141_8963_18,93,867,32.18206768514205
k141_5618_9,203,1050,58.00385145573666
k141_12092_5,110,1251,26.380648557558228
k141_7365_3,49,1494,9.840010806436423
k141_3372_112,81,1095,22.193254454013555
k141_3309_48,141,1521,27.812497637417092
k141_12189_5,145,1503,28.944037652563207
k141_15503_39,110,1839,17.945726669660328
k141_5265_108,128,519,73.99335246496206
k141_13118_24,131,1068,36.80019634202587
k141_15407_2,52,1125,13.867587474474972
k141_10652_6,89,987,27.053468082803498
k141_11206_251,267,1035,77.39644347167261
k141_6702_23,188,1959,28.792110877326113
k141_13561_4,91,969,28.17524544930093
k141_14712_149,87,942,27.70884623681688
k141_11830_4,63,1806,10.46581120893404
k141_11206_264,268,942,85.35598610881522
k141_4489_3,87,2592,10.07011309995428
k141_15400_1,63,1890,10.00066404409253
k141_6081_2,126,1926,19.6274714884059
k141_6831_7,75,819,27.47435176948497
k141_5872_3,172,888,58.11196674269983
k141_6203_3,34,1002,10.180316691591196
k141_6320_7,395,2163,54.7886587713807
k141_8411_27,151,2937,15.424926155852623
k141_13206_3,84,906,27.81641654648253
k141_5997_2,172,3015,17.115564334168308
k141_7944_87,187,924,60.71831741056178
k141_11958_15,85,870,29.31229116371948
k141_6265_261,207,1704,36.446081991675236
k141_8373_2,73,723,30.292467851400605
k141_13883_518,251,921,81.76438681000731
k141_8344_48,249,966,77.33432754593291
k141_7438_1,112,990,33.941647664798886
k141_12445_1,14,801,5.24379388079758
k141_896_1,12,387,9.302943296830257
k141_1996_58,213,729,87.66014162105796
k141_974_19,114,2295,14.902950340216318
k141_15260_116,418,1365,91.87423231715772
k141_6291_2,85,3039,8.391475259110216
k141_5875_1,6,435,4.138205811348632
k141_7037_54,139,1335,31.238029261322726
k141_14543_77,179,1542,34.82721525082807
k141_6295_4,27,1146,7.0685321777617345
k141_7037_55,214,1944,33.02688434314508
k141_11958_203,122,1203,30.42596043339871
k141_14692_10,74,1497,14.830644073403748
k141_5565_4,19,684,8.333886703410439
k141_7944_101,219,1080,60.83737293489621
k141_9355_32,265,1077,73.8210577070897
k141_14338_11,139,1917,21.754183131907066
k141_2669_1,24,765,9.412389688557674
k141_7944_80,221,1062,62.433524117074825
k141_12778_8,36,975,11.07765863345634
k141_4365_2,113,1146,29.583116151373186
k141_14018_6,97,1725,16.870685430903915
k141_9436_2,31,1476,6.301231409895699
k141_14119_1,27,1065,7.606138850436571
k141_3372_90,59,900,19.667972620048637
k141_8710_2,115,1146,30.106711127503686
k141_11958_138,111,933,35.693688388883295
k141_5497_2,28,867,9.689224679397606
k141_3565_6,81,1524,15.945940700226275
k141_9355_1,149,546,81.87356827306519
k141_5147_2,33,1140,8.684787196185617
k141_13654_24,44,876,15.069493765070932
k141_7037_102,143,1425,30.107262280110135
k141_14025_1,10,597,5.025459318639462
k141_9355_175,300,1098,81.97265609911908
k141_5001_1,52,663,23.53097422139418
k141_2724_2,174,867,60.21161050768512
k141_2385_3,174,1599,32.647571175836774
k141_2527_6,78,1284,18.225509239234047
k141_1298_1,5,423,3.546334767408698
k141_7103_7,129,4368,8.8604784456589
k141_7694_1,4,267,4.494680469255068
k141_7135_21,131,447,87.92530132725646
k141_2937_4,46,1251,11.03190757861526
k141_7476_2,65,2136,9.129819703174357
k141_1109_21,165,1536,32.22870248584506
k141_13436_227,76,1134,20.107155220926778
k141_2520_1,135,1233,32.84889649519443
k141_13098_1,228,1992,34.33962954899241
k141_13883_420,183,717,76.57412217861643
k141_6019_1,15,789,5.703800785604103
k141_13455_31,78,777,30.117829939738115
k141_5872_14,137,729,56.38234461072742
k141_5283_9,85,1650,15.455571704506637
k141_3372_115,84,1056,23.865221014311714
k141_10682_47,79,1602,14.7949898779646
k141_9355_214,195,753,77.69440193617702
k141_8365_20,199,2286,26.11721974769571
k141_10014_1,12,846,4.2556017208904375
k141_14462_3,41,1317,9.340027922728785
k141_7944_15,255,1317,58.09041756819123
k141_8963_53,132,1440,27.501826121254453
k141_5172_1,4,405,2.9631597167681565
k141_12604_3,34,1107,9.214703997266827
k141_358_1,36,1242,8.69622960355872
k141_10736_3,208,1113,56.06841296957536
k141_942_2,22,903,7.309455447509489
k141_7037_138,187,1908,29.40446817995759
k141_7888_1,3,510,1.764823066604564
k141_4344_6,52,825,18.910346556102237
k141_9245_8,156,1353,34.592097358723606
k141_11940_6,111,2028,16.42120871145371
k141_12499_13,191,1980,28.94131564275262
k141_8344_17,155,534,87.08443409181695
k141_13822_3,69,2424,8.540171027752283
k141_6265_25,245,2418,30.399040828817235
k141_14432_26,36,537,20.11306735124754
k141_15233_66,77,1281,18.0339843418062
k141_14365_7,191,3333,17.19286077787284
k141_9031_1,10,681,4.405578874049572
k141_5024_39,114,456,75.00498033069395
k141_3988_1,9,771,3.5021780699156717
k141_4592_158,76,1134,20.107155220926778
k141_1854_1,17,834,6.115513983797589
k141_1716_44,120,2058,17.493872963427165
k141_4803_3,43,1116,11.559907362795126
k141_14543_89,262,2445,32.149373982236106
k141_13808_43,51,867,17.648230666045638
k141_12048_7,51,996,15.362465850865028
k141_559_2,25,876,8.562212366517576
k141_14586_1,18,492,10.976338584979604
k141_7484_7,49,1662,8.845352674377867
k141_3625_9,130,2385,16.353287116126147
k141_11449_1,57,1899,9.005337290889006
k141_13436_230,87,1257,20.765101953127687
k141_7340_1,16,822,5.839803821367901
k141_6771_8,89,888,30.06956418662956
k141_9959_112,212,1056,60.231272083739086
k141_1753_2,89,2538,10.520793143312472
k141_6609_30,63,1146,16.493241748110716
k141_10940_1,15,849,5.300705323723955
k141_5963_1,17,885,5.763094533883829
k141_9604_1,22,1218,5.419079038670828
k141_6248_2,28,1245,6.7474359815564044
k141_4687_4,74,2520,8.81010880074818
k141_5618_75,268,1365,58.905010193775766
k141_9355_118,259,960,80.9428746068739
k141_7004_58,71,1134,18.78431606165528
k141_14956_2,8,309,7.767506053664099
k141_4050_2,29,1530,5.686652103503595
k141_14338_7,84,1101,22.889803261683173
k141_8333_3,110,1122,29.413717776742725
k141_14315_2,33,1896,5.221865719225529
k141_1925_1,11,981,3.3641377518354068
k141_13118_5,93,945,29.525770034939846
k141_1442_24,58,1083,16.06754887970545
k141_1830_1,23,987,6.991345684320005
k141_15449_3,54,2055,7.883735158846664
k141_3512_1,12,1029,3.498774592685433
k141_13883_205,138,537,77.10009151311557
k141_7944_82,218,1128,57.98257344713222
k141_4866_1,14,621,6.763734136101227
k141_1813_1,6,369,4.87837270443538
k141_2159_2,12,669,5.381523252426472
k141_747_2,167,1677,29.87676020328179
k141_474_1,39,1392,8.405730554301911
k141_2384_5,35,1164,9.021217565547385
k141_6265_81,111,963,34.581735479572295
k141_6942_3,84,2607,9.666924967822466
k141_13654_33,76,831,27.438645030723183
k141_1838_21,220,858,76.9281849545579
k141_2402_21,106,2013,15.79836644819386
k141_500_1,28,1059,7.932538051971411
k141_2501_5,82,2670,9.21409496197289
k141_275_2,27,1053,7.692818495455791
k141_11958_135,119,1008,35.41901848949437
k141_15471_22,100,999,30.03202415643402
k141_7839_4,39,1311,8.925077751020792
k141_11224_2,34,939,10.863341134158018
k141_11708_9,56,756,22.223697875761175
k141_5365_37,74,750,29.601965570513883
k141_197_1,21,756,8.33388670341044
k141_5523_11,54,1329,12.190425697087958
k141_11130_7,86,2424,10.644271136039077
k141_1773_8,91,1209,22.582144615692805
k141_13455_18,82,708,34.74806998371133
k141_3689_6,62,2490,7.4703755510088765
k141_10906_25,99,2010,14.77710060246508
k141_4648_5,27,819,9.89076663701459
k141_11958_80,67,708,28.39171571839828
k141_4683_10,91,462,59.09483298781949
k141_9158_1,23,1191,5.793835592295419
k141_6465_76,52,789,19.773176056760892
k141_3515_1,28,1017,8.260135493645747
k141_14997_1,33,1995,4.962735540677495
k141_6432_1,22,819,8.059143185715591
k141_13118_7,98,990,29.698941706699024
k141_4283_6,55,1833,9.002234409575925
k141_1678_4,13,633,6.161546567450372
k141_10907_1,12,708,5.085083412250438
k141_7365_2,67,2364,8.50310267708375
k141_6702_13,184,1935,28.52902611027946
k141_1442_4,96,1605,17.945116789399677
k141_9220_4,17,786,6.488980486624922
k141_1960_3,11,657,5.023164588356978
k141_12117_9,25,738,10.163276467573708
k141_11206_158,107,387,82.95124439673647
k141_2580_24,56,957,17.55602465420632
k141_14555_11,81,807,30.113523701542555
k141_4438_7,83,1122,22.193987049724058
k141_10430_5,273,2706,30.268085188883152
k141_13361_2,28,954,8.80561613945254
k141_13883_25,143,489,87.7358870125909
k141_14411_1,31,1161,8.010867838937166
k141_14153_67,169,1716,29.547416493909743
k141_7037_122,80,849,28.27042839319443
k141_6954_1,20,720,8.33388670341044
k141_7017_1,20,858,6.993471359505264
k141_4537_3,17,516,9.88437725288215
k141_4195_3,27,1383,5.857221891334019
k141_3272_61,88,1389,19.007741595683424
k141_11206_216,230,825,83.64191745968297
k141_4726_2,112,1212,27.724613191543643
k141_13041_2,36,1728,6.25041502755783
k141_2402_20,77,1656,13.95020165570878
k141_13808_54,53,996,15.964915492075422
k141_3517_3,21,954,6.604212104589405
k141_12233_1,9,396,6.818634575517632
k141_3272_52,111,1431,23.271985511410286
k141_1773_10,83,1092,22.80371196867252
k141_15681_1,28,1245,6.7474359815564044
k141_6265_17,92,786,35.11683557467605
k141_13654_17,60,1017,17.7002903435266
k141_14662_4,25,1380,5.4351435022242
k141_14951_5,57,1092,15.66038050860643
k141_15512_28,52,1125,13.867587474474972
k141_6520_1,59,2442,7.2486385577574834
k141_426_1,43,1803,7.155217202928099
k141_3372_44,58,762,22.836161990447504
k141_13442_2,32,1167,8.226767337042697
k141_14784_1,7,681,3.0839052118347
k141_15233_76,61,1278,14.320199687550334
k141_2882_1,24,1047,6.8772474801782435
k141_2764_8,38,1299,8.776564288118156
k141_14388_171,75,1041,21.615268106828232
k141_7638_51,136,2457,16.60671929177758
k141_2669_2,35,1086,9.66915031887399
k141_12075_1,210,2127,29.62114879068309
k141_14388_37,81,1305,18.621926151068845
k141_1824_1,173,615,84.39584778673208
k141_11958_132,85,696,36.64036395464935
k141_15548_5,20,567,10.582713274171988
k141_1265_2,35,1284,8.178113120169124
k141_3272_51,59,801,22.098845640504084
k141_1081_2,21,1248,5.048412137642862
k141_3612_1,24,1227,5.868360319271898
k141_10299_38,71,828,25.72634591052788
k141_14712_45,52,423,36.88188158105046
k141_13118_23,110,1137,29.025674006601005
k141_13927_3,35,1158,9.0679596254725
k141_14388_56,150,2442,18.428742095993602
k141_11351_1,18,1026,5.2635073916276465
k141_6525_2,81,1389,17.495762150572244
k141_3867_5,81,1449,16.771299949720387
k141_1773_11,79,1161,20.414792234710845
k141_275_1,12,591,6.091775052239104
k141_11206_194,207,699,88.84710116425552
k141_12169_18,128,1347,28.509688143515447
k141_9801_2,45,1542,8.755445174789179
k141_2685_2,57,2133,8.017409993154347
k141_7812_84,122,1872,19.552580342616803
k141_3318_27,48,693,20.78060061110136
k141_3372_50,177,2661,19.956229264987343
k141_426_2,64,2232,8.602721758359163
k141_11065_1,12,549,6.557812487929526
k141_15260_63,115,492,70.12660762625858
k141_13654_25,61,900,20.334683556321473
k141_1945_28,27,573,14.137064355523469
k141_13703_23,110,1845,17.887366582929726
k141_11958_81,73,594,36.87113511205831
k141_10319_1,14,651,6.452041318769372
k141_3474_66,79,1431,16.562944643255967
k141_1276_1,17,567,8.99530628304619
k141_1780_4,36,1065,10.141518467248762
k141_13808_32,67,1155,17.403753011797388
k141_12048_17,42,732,17.214257780815007
k141_3372_110,75,1182,19.0367970382472
k141_12702_2,21,837,7.527381538564269
k141_11592_1,11,456,7.237322663488013
k141_4592_221,160,2739,17.525807744302348
k141_15348_2,37,1548,7.171018791306658
k141_1109_14,99,1089,27.274538302070535
k141_8365_28,64,738,26.017987756988692
k141_2793_1,25,708,10.593923775521747
k141_7386_1,43,1380,9.348446823825624
k141_11434_3,27,813,9.963761224741633
k141_12339_1,28,1146,7.3303296658269845
k141_8365_2,50,462,32.46968845484587
k141_6020_8,38,1413,8.06847629884323
k141_14935_68,96,1974,14.590634471624357
k141_7387_2,21,1119,5.630400668255847
k141_10793_6,46,1611,8.56667683479062
k141_5585_49,85,1248,20.434049128554445
k141_15711_3,36,1362,7.930041973289229
k141_5754_1,12,660,5.454907660414107
k141_14951_7,90,1374,19.651959911972217
k141_1408_1,10,615,4.87837270443538
k141_14312_2,9,663,4.072668615241301
k141_4801_2,47,1395,10.108198066072017
k141_13347_2,5,324,4.629937057450244
k141_12398_1,4,417,2.877888933551807
k141_10477_1,35,1899,5.529593073352898
k141_3888_7,31,1053,8.83249530959739
k141_13936_4,13,687,5.677232863458641
k141_4344_8,53,705,22.55468912071932
k141_2540_11,75,1029,21.867341204283957
k141_14333_1,37,1254,8.852262431373768
k141_12143_2,16,891,5.387563121396648
k141_11257_1,3,255,3.529646133209128
k141_5284_20,71,1149,18.539090003409125
k141_5984_3,80,2415,9.938548118352822
k141_10207_2,37,1053,10.542010530809788
k141_5599_9,74,825,26.91087779137626
k141_11708_87,35,672,15.626037568894576
k141_15372_2,104,2973,10.495146928210122
k141_9595_3,87,1371,19.038463278688184
k141_526_4,46,1725,8.000531235274021
k141_8340_2,35,1194,8.794553807619058
k141_8359_1,4,390,3.0771273981823164
k141_8963_19,102,915,33.444843688440585
k141_15724_1,12,735,4.898284429759606
k141_2742_1,7,444,4.730043804638358
k141_9217_1,129,1233,31.388945539852458
k141_1278_1,32,696,13.79401937116211
k141_7846_1,24,1341,5.369484050519478
k141_7324_2,56,2205,7.6195535574038304
k141_9900_1,6,498,3.6146978472623594
k141_9251_1,52,2055,7.591744967778269
k141_13436_260,40,711,16.878757880324944
k141_10456_2,14,588,7.143331460066092
k141_4592_177,71,1131,18.83414183370211
k141_13772_1,39,1626,7.196049773424513
k141_13729_3,40,1341,8.949140084199131
k141_2821_1,7,312,6.731216183523817
k141_9090_1,26,1308,5.96369874189004
k141_13710_1,30,918,9.804572592247576
k141_15686_69,88,1242,21.257450142032425
k141_10441_1,18,966,5.5904333165734625
k141_161_1,31,1098,8.47050779690897
k141_2937_5,38,1308,8.716175084300827
k141_5497_1,18,930,5.8068371868924356
k141_6445_1,15,576,7.813018784447288
k141_2466_22,88,1584,16.667773406820878
k141_9156_6,41,849,14.488594551512143
k141_12347_2,29,795,10.94412291617673
k141_11065_2,20,765,7.8436580737980615
k141_13649_1,18,921,5.863581524223632
k141_14440_1,24,1350,5.3336874901826805
k141_3372_106,58,834,20.8646947682506
k141_10094_1,13,603,6.468091172796163
k141_3570_4,31,1026,9.064929396692058
k141_15015_1,20,666,9.009607246930205
k141_2686_25,59,1056,16.76247666481418
k141_11642_1,6,537,3.3521778918745904
k141_1578_1,32,1089,8.816012380467244
k141_13283_2,31,759,12.253778077741831
k141_4208_1,30,1119,8.04342952607978
k141_5728_1,32,1488,6.452041318769372
k141_9949_25,167,2616,19.152647882608395
k141_12725_1,5,567,2.645678318542997
k141_7688_3,7,462,4.545756383678422
k141_11958_139,113,1155,29.352598363180668
k141_5333_12,62,561,33.15728185741907
k141_3182_1,8,459,5.22910538253204
k141_2686_26,26,405,19.26053815899302
k141_3372_98,75,1080,20.8347167585261
k141_6901_6,23,255,27.060620354603312
k141_12571_1,23,1032,6.6864904945967485
k141_10926_8,38,1458,7.8194492525826345
k141_12778_7,4,192,6.25041502755783
k141_3785_1,20,810,7.407899291920391
k141_10802_2,17,477,10.692533883620943
k141_14388_169,70,1002,20.95947554151129
k141_7756_10,36,1191,9.068612231418916
k141_10299_3,146,2196,19.946679650785644
k141_9993_1,78,2167,10.799055774423866
k141_10098_1,98,3552,8.277576658117127
k141_3372_113,49,903,16.280150769452952
k141_12778_1,17,558,9.14039186825661
k141_14989_1,12,756,4.762220973377395
k141_15172_111,40,732,16.394531219823815
k141_10326_1,4,312,3.8464092477278955
k141_7288_1,21,1170,5.384972946819055
k141_11630_2,102,3006,10.180316691591196
k141_15586_61,63,1053,17.94990982273018
k141_2181_7,26,978,7.975989728417354
k141_139_2,28,768,10.938226298226203
k141_9789_1,18,1209,4.4667978360711045
k141_9727_13,29,987,8.815174993273049
k141_2118_1,25,918,8.170477160206314
k141_1040_7,17,630,8.095775654741571
k141_2501_2,44,1410,9.362323785958964
k141_12942_32,50,747,20.081654707013108
k141_9417_21,263,2145,36.78565935099769
k141_13808_30,110,1809,18.24333407711738
k141_8412_1,12,933,3.8587771231225187
k141_10038_43,22,231,28.573325840264367
k141_12539_1,11,588,5.612617575766215
k141_2484_1,16,1074,4.4695705224994535
k141_10688_1,8,426,5.634176926249312
k141_8269_1,13,630,6.1908872653906135
k141_9969_5,300,3789,23.75454642302263
k141_6637_2,14,717,5.858129565577213
k141_11905_15,144,744,58.06837186892435
k141_5790_1,10,570,5.263507391627647
k141_1598_3,24,858,8.392165631406318
k141_1395_1,9,564,4.7875519360017424
k141_10136_1,24,1041,6.916885794185035
k141_5886_3,31,1680,5.536081881551221
k141_10642_1,18,786,6.870685221132271
k141_9599_1,21,1080,5.833720692387307
k141_7812_79,56,1146,14.660659331653969
k141_878_1,14,510,8.235840977487964
k141_8040_9,125,1293,29.004246067553737
k141_1989_2,15,783,5.7475080713175455
k141_9455_1,31,1302,7.143331460066091
k141_13436_207,80,1134,21.165426548343977
k141_11905_14,132,651,60.83353243411123
k141_2453_1,47,1356,10.398920576821876
k141_4540_1,7,471,4.458894796729153
k141_12456_1,6,441,4.081903691466338
k141_14268_5,31,798,11.65490922431836
k141_943_1,3,411,2.1899264330129626
k141_13150_2,55,1923,8.580912986350842
k141_11265_1,16,591,8.122366736318805
k141_275_3,51,1764,8.674045344365968
k141_10913_27,61,1179,15.522659203298835
k141_12048_10,57,705,24.256929809075494
k141_3162_1,8,717,3.3475026089012645
k141_11347_2,3,330,2.7274538302070535
k141_14338_4,71,1113,19.13873711942236
k141_2384_2,127,4440,8.58165090270102
k141_6538_2,19,930,6.129439252830904
k141_12180_2,7,525,4.000265617637011
k141_5151_1,13,672,5.803956811303699
k141_12381_2,100,825,36.36605106942738
k141_9202_1,15,720,6.25041502755783
k141_7350_5,31,1038,8.960132525053998
k141_15512_26,83,1578,15.780515506838018
k141_14976_1,22,600,11.000730448501782
k141_12260_1,26,1281,6.089397310220275
k141_5523_1,58,720,24.168271439890276
k141_14914_9,52,960,16.25107907165036
k141_875_2,21,831,7.581730863752458
k141_3283_3,23,624,11.0584265872177
k141_8283_2,24,987,7.2953172358121785
k141_11493_1,25,738,10.163276467573708
k141_10868_2,78,2547,9.187889227788189
k141_9617_1,23,1314,5.251490251464113
k141_13504_2,25,1170,6.410682079546493
k141_14447_6,30,945,9.52444194675479
k141_3577_1,8,498,4.819597129683146
k141_4472_1,16,498,9.639194259366292
k141_7829_1,11,579,5.6998603360112865
k141_4723_4,50,1401,10.707349083610843
k141_352_9,11,573,5.759544737435488
k141_3963_2,12,501,7.186105899946727
k141_4592_165,43,624,20.674449706537438
k141_11317_2,15,528,8.52329321939704
k141_1196_1,5,555,2.702882174079061
k141_3723_8,25,750,10.000664044092527
k141_8422_14,45,849,15.902115971171865
k141_7151_1,9,393,6.870685221132271
k141_10343_2,24,1050,6.857598201663447
k141_7171_2,11,321,10.281056493926899
k141_2821_2,12,570,6.316208869953177
k141_76_4,19,663,8.597855965509412
k141_2848_2,7,252,8.333886703410439
k141_15706_1,14,708,5.932597314292178
k141_1264_1,11,684,4.8248817756586755
k141_14379_2,5,363,4.13250580334402
k141_45_2,24,900,8.000531235274021
k141_7155_2,25,1128,6.64937768889131
k141_13517_1,22,762,8.661992479135261
k141_10263_1,64,2250,8.53389998429229
k141_5628_2,10,735,4.081903691466338
k141_8701_1,7,516,4.070037692363238
k141_2767_14,53,1212,13.119683028141187
k141_1192_2,20,675,8.889479150304467
k141_6134_3,25,897,8.361759234191076
k141_9618_1,39,1161,10.078188571566113
k141_7616_1,22,1002,6.587263741617833
k141_12107_1,17,1110,4.594899695934404
k141_1180_5,12,333,10.811528696316246
k141_3888_3,30,1137,7.916092910891183
k141_5842_1,7,549,3.8253906179588903
k141_13654_16,91,1497,18.23768392810461
k141_10660_1,18,927,5.825629540248074
k141_12021_1,33,774,12.791547033141605
k141_2555_7,13,678,5.7525943616461435
k141_11224_1,27,1290,6.279486725360425
k141_5283_3,51,1056,14.489598472974969
k141_516_1,34,1203,8.479366022422592
k141_6811_29,69,1413,14.650654332110074
k141_11378_2,23,1230,5.610128610100687
k141_1466_2,5,330,4.545756383678422
k141_3034_1,35,690,15.21840180622776
k141_14707_1,15,777,5.79189037302656
k141_14013_1,23,1155,5.97442267569164
k141_15512_39,70,1185,17.72269577434119
k141_10793_3,37,1245,8.91625468991382
k141_14951_41,70,1269,16.54956224790726
k141_1833_1,6,384,4.687811270668373
k141_1192_1,18,627,8.613012095390694
k141_3235_1,41,1494,8.233478429875374
k141_1633_1,13,453,8.609843216768402
k141_3089_1,19,1197,4.762220973377394
k141_15310_1,7,396,5.303382447624825
k141_12155_4,57,960,17.813682828539818
k141_8270_42,45,726,18.59627611504809
k141_14723_4,22,864,7.6393961447929035
k141_2169_1,29,915,9.508828107497813
k141_1166_2,19,1047,5.444487588474443
k141_7967_6,122,1206,30.35027396465892
k141_3601_1,7,603,3.482818323813319
k141_3474_67,52,1161,13.43758476208815
k141_6102_3,37,1776,6.25041502755783
k141_4912_1,39,1398,8.369654457502332
k141_6893_1,6,351,5.128545663637194
k141_2434_1,16,924,5.195150152775339
k141_4656_3,51,1476,10.366541996925182
k141_2854_1,15,1017,4.42507258588165
k141_9302_1,17,978,5.215070207042117
k141_1168_18,70,1299,16.167355267586075
k141_11607_2,32,1074,8.939141044998907
k141_14942_1,20,966,6.211592573970514
k141_14268_7,19,642,8.879094244755048
k141_9671_1,15,696,6.465946580232239
k141_2434_2,13,846,4.610235197631307
k141_15191_14,23,339,20.355333895055587
k141_13775_2,33,1449,6.832751831367565
k141_10516_1,37,1206,9.20459128436377
k141_7156_1,23,879,7.85035061481666
k141_8882_1,5,321,4.673207497239499
k141_4365_38,71,750,28.40188588522278
k141_1346_1,13,705,5.532282237157569
k141_4592_138,43,654,19.726080453943975
k141_382_4,50,1503,9.980702638814899
k141_1595_3,10,516,5.814339560518912
k141_3339_1,14,492,8.537152232761914
k141_7940_2,18,903,5.980463547962309
k141_14175_2,17,822,6.204791560203394
k141_10674_1,8,516,4.6514716484151295
k141_12092_1,43,708,18.221548893897403
k141_738_1,46,1539,8.967457037587842
k141_2452_1,15,855,5.2635073916276465
k141_8987_3,16,516,9.302943296830259
k141_11242_1,57,579,29.535639922967572
k141_14620_1,10,456,6.579384239534558
k141_8470_2,30,1518,5.929247456971854
k141_5275_1,5,369,4.065310587029483
k141_15170_1,11,471,7.006834680574383
k141_4723_2,69,2106,9.829712521971288
k141_4550_1,4,411,2.9199019106839503
k141_9321_1,11,906,3.642625976325093
k141_3888_4,34,1188,8.586428724725907
k141_5894_4,39,1401,8.351732285216459
k141_13492_1,40,1149,10.444557748399507
k141_13312_3,25,1035,7.246858002965601
k141_522_3,51,1545,9.903570218421727
k141_14543_202,120,1407,25.588052991281522
k141_7410_1,16,738,6.504496939247173
k141_12615_9,25,717,10.460945652816452
k141_561_2,16,360,13.334218725456704
k141_7351_7,22,729,9.054099134569366
k141_4718_1,11,567,5.8204923007945935
k141_12808_1,14,627,6.699009407526096
k141_9449_1,14,564,7.447303011558267
k141_4472_9,33,1005,9.851400401643387
k141_4251_2,16,996,4.819597129683146
k141_14338_6,47,714,19.74921050724155
k141_8331_1,10,642,4.673207497239499
k141_3425_2,34,963,10.592603660409532
k141_7492_3,17,669,7.62382460760417
k141_10990_1,10,651,4.608600941978123
k141_1554_1,19,861,6.620648670305158
k141_15191_20,65,1167,16.710621153367978
k141_9220_3,21,489,12.884291099751112
k141_15492_1,3,468,1.9232046238639477
k141_8991_1,30,1743,5.163854067517656
k141_1008_4,12,669,5.381523252426472
k141_14586_2,39,1302,8.98677183685734
k141_2688_10,64,615,31.22158530838643
k141_14104_1,5,387,3.876226373679274
k141_15228_1,3,318,2.830376616252602
k141_5381_1,12,612,5.882743555348546
k141_6732_3,20,840,7.143331460066091
k141_14873_16,99,1836,16.1775447772085
k141_4769_17,44,465,28.38898180258524
k141_2248_1,8,726,3.3060046426752163
k141_3711_1,21,885,7.119116777150613
k141_11029_1,43,1821,7.084490179505416
k141_10142_1,25,1329,5.643715600503684
k141_13686_2,8,357,6.723135491826911
k141_1818_1,12,1035,3.478491841423488
k141_3926_2,10,378,7.937034955628991
k141_12974_1,41,2367,5.196796271328183
k141_3971_1,20,939,6.390200667151776
k141_4695_1,30,792,11.364390959196054
k141_4274_2,23,1020,6.765155088650828
k141_14250_2,6,525,3.4287991008317236
k141_559_3,26,1338,5.829983523462012
k141_13165_6,9,420,6.428998314059482
k141_2129_1,8,666,3.603842898772082
k141_6432_2,33,1026,9.649763551317351
k141_14514_3,19,870,6.5521592013020005
k141_7961_1,8,396,6.061008511571229
k141_10176_1,14,663,6.335262290375357
k141_13927_2,93,3195,8.732974235686433
k141_14206_1,20,1134,5.291356637085994
k141_6186_1,14,591,7.107070894278954
k141_14538_3,29,1011,8.60591267889268
k141_3166_1,9,708,3.813812559187829
k141_12048_5,49,990,14.849470853349512
k141_10031_1,45,1269,10.639004302226095
k141_2384_3,34,1095,9.315687054771121
k141_4551_4,27,1278,6.338449042030476
k141_11279_4,48,882,16.327614765865352
k141_2685_3,39,1365,8.571997752079309
k141_4609_1,28,1488,5.645536153923201
k141_86_1,16,876,5.479815914571248
k141_7551_2,20,660,9.091512767356845
k141_9429_1,18,570,9.474313304929765
k141_4068_3,6,465,3.8712247912616236
k141_8971_1,8,375,6.400424988219218
k141_5160_2,6,312,5.769613871591843
k141_6442_1,10,519,5.78073066132516
k141_433_1,9,786,3.4353426105661353
k141_523_1,5,369,4.065310587029483
k141_13642_1,5,306,4.902286296123789
k141_13835_1,4,327,3.669968456547717
k141_7336_17,73,702,31.198652787126264
k141_7862_1,12,723,4.97958375639462
k141_12286_3,12,588,6.1228555371995075
k141_2101_1,23,1017,6.785111298351864
k141_10219_1,19,954,5.975239523199939
k141_2491_18,42,741,17.00517772679701
k141_7657_1,10,885,3.3900556081669584
k141_13149_1,16,687,6.987363524256788
k141_10266_1,15,588,7.653569421499384
k141_6265_129,56,600,28.001859323459083
k141_13812_1,10,549,5.464843739941272
k141_1785_2,4,255,4.706194844278837
k141_1404_2,18,768,7.0317169060025595
k141_6956_1,13,648,6.018918174685317
k141_11176_1,7,612,3.431600407286652
k141_7829_2,8,477,5.031780651115738
k141_8929_4,9,417,6.475250100491565
k141_11734_2,16,903,5.31596759818872
k141_9127_2,29,384,22.657754474897136
k141_2288_2,14,768,5.4691131491131015
k141_14622_2,13,738,5.284903763138328
k141_15512_25,27,459,17.648230666045638
k141_4767_1,15,687,6.550653303990739
k141_5866_85,33,873,11.340959225259567
k141_5703_9,36,1005,10.74698225633824
k141_7004_59,82,1134,21.694562212052574
k141_7738_1,13,672,5.803956811303699
k141_13691_1,22,1053,6.268222477778793
k141_2593_2,2,156,3.8464092477278955
k141_4251_1,23,933,7.395989485984828
k141_10312_2,24,993,7.251236769130534
k141_3625_5,22,519,12.717607454915353
k141_7053_1,6,474,3.7977205230731124
k141_3888_6,25,807,9.294297438747702
k141_1553_4,12,498,7.229395694524719
k141_9283_1,10,543,5.52522875364228
k141_13761_1,23,816,8.456443860813534
k141_1049_3,13,537,7.263052099061612
k141_9864_2,26,927,8.414798224802773
k141_13831_1,10,558,5.376701098974477
k141_6947_2,11,297,11.111848937880588
k141_11244_2,10,720,4.16694335170522
k141_12561_2,11,561,5.882743555348545
k141_10437_2,20,1221,4.914331225598294
k141_4408_1,10,450,6.667109362728351
k141_12988_2,55,1134,14.551230751986484
k141_12720_1,3,351,2.564272831818597
k141_13519_1,8,426,5.634176926249312
k141_12792_1,7,549,3.8253906179588903
k141_1722_1,18,1407,3.8382079486922285
k141_7688_4,10,444,6.757205435197654
k141_15624_7,20,834,7.194722333879517
k141_14522_1,15,963,4.6732074972395
k141_9396_17,42,771,16.343497659606466
k141_8719_2,14,828,5.07280060207592
k141_1143_1,6,423,4.2556017208904375
k141_9230_1,5,378,3.9685174778144954
k141_3404_1,4,405,2.9631597167681565
k141_3186_1,8,513,4.678673237002352
k141_8528_1,4,309,3.8837530268320495
k141_245_1,25,849,8.834508872873258
k141_9374_1,8,579,4.145352971644572
k141_9938_2,10,639,4.695147438541093
k141_6526_1,14,1080,3.889147128258205
k141_6496_1,5,426,3.52136057890582
k141_3554_1,3,282,3.1917012906678286
k141_15682_1,12,510,7.059292266418256
k141_15547_1,27,1194,6.784370080163273
k141_8929_1,21,600,10.500697246297156
k141_14833_2,27,753,10.757686421932203
k141_1767_3,16,837,5.7351478389061095
k141_1293_2,9,477,5.660753232505205
k141_12540_1,9,477,5.660753232505205
k141_4360_1,24,1167,6.170075502782022
k141_10655_1,10,609,4.9264354897007525
k141_728_1,8,552,4.34811480177936
k141_3520_1,10,441,6.803172819110564
k141_3569_1,7,531,3.9550648761947853
k141_14320_1,28,1485,5.65694127746648
k141_13461_2,9,573,4.71235478517449
k141_13089_1,5,552,2.7175717511121
k141_2316_1,11,606,5.445906162624643
k141_10080_2,6,387,4.651471648415129
k141_2057_1,3,423,2.1278008604452188
k141_8477_1,8,702,3.4190304424247957
k141_13891_1,15,753,5.976492456629001
k141_4813_1,11,882,3.74174505051081
k141_10834_2,6,441,4.081903691466338
k141_12310_1,15,570,7.895261087441471
k141_5868_1,6,606,2.970494270522533
k141_2034_1,8,594,4.040672341047486
k141_7075_1,2,264,2.2728781918392107
k141_12249_1,5,471,3.1849248548065376
k141_6885_1,12,594,6.061008511571229
k141_5446_2,23,1020,6.765155088650828
k141_10219_2,4,273,4.395896283117594
k141_8642_2,60,1932,9.317388860955772
k141_12901_1,5,453,3.311478160295539
k141_2390_2,7,543,3.867660127549596
k141_5798_1,21,705,8.93676361386992
k141_14036_1,12,810,4.4447395751522345
k141_11754_1,4,345,3.478491841423488
k141_11305_1,13,588,6.6330934986328
k141_3251_2,17,819,6.227519734416593
k141_12105_1,9,468,5.769613871591843
k141_6144_1,6,609,2.9558612938204516
k141_15302_2,54,1506,10.757686421932203
k141_1856_1,10,501,5.988421583288939
k141_13327_1,13,723,5.394549069427505
k141_10633_1,11,597,5.528005250503408
k141_6632_1,8,582,4.123985172821661
k141_3164_5,8,516,4.6514716484151295
k141_8372_2,18,663,8.145337230482601
k141_8746_1,20,1233,4.866503184473249
k141_13302_2,28,705,11.915684818493226
k141_10279_2,4,309,3.8837530268320495
k141_2259_1,9,510,5.294469199813691
k141_621_1,6,363,4.959006964012825
k141_6552_1,17,1002,5.090158345795598
k141_8511_1,2,309,1.9418765134160247
k141_10261_1,14,546,7.69281849545579
k141_10712_1,9,603,4.477909273474267
k141_6850_1,7,573,3.6651648329134923
k141_8058_1,5,360,4.16694335170522
k141_13579_1,10,519,5.78073066132516
k141_3488_1,10,621,4.831238668643733
k141_6847_1,8,699,3.433704392821469
k141_15051_1,5,420,3.5716657300330454
k141_7072_1,8,525,4.571732134442298
k141_8919_1,6,582,3.092988879616246
k141_3223_1,8,495,4.848806809256984
k141_2543_1,12,687,5.240522643192591
k141_9001_1,6,288,6.250415027557831
k141_13436_206,36,441,24.49142214879803
k141_12848_1,16,618,7.767506053664099
k141_12034_2,22,1275,5.176814328706722
k141_8336_1,20,615,9.75674540887076
k141_12227_1,14,615,6.829721786209532
k141_5628_1,3,243,3.7039496459601957
k141_1271_1,8,441,5.442538255288451
k141_275_4,13,585,6.667109362728353
k141_15259_1,10,573,5.235949761304989
k141_3874_3,10,846,3.546334767408698
k141_2048_3,13,543,7.182797379734964
k141_5358_1,15,720,6.25041502755783
k141_15262_1,10,720,4.16694335170522
k141_13461_1,7,300,7.000464830864771
k141_5145_1,4,363,3.3060046426752163
k141_13442_3,14,588,7.143331460066092
k141_4947_2,4,231,5.195150152775339
k141_2334_2,5,363,4.13250580334402
k141_12124_1,5,498,3.012248206051966
k141_13180_2,15,471,9.554774564419613
k141_4264_2,12,567,6.349627964503193
k141_10094_2,16,966,4.969274059176412
k141_6342_1,4,360,3.333554681364176
k141_6637_3,8,516,4.6514716484151295
k141_10035_1,5,495,3.0305042557856146
k141_2936_1,3,276,3.26108610133452
k141_5895_2,11,564,5.851452366224352
k141_1052_1,14,741,5.668392575599004
k141_11635_1,6,468,3.8464092477278955
k141_12507_1,6,555,3.2434586088948736
k141_6538_1,6,504,3.5716657300330454
k141_5413_1,6,414,4.34811480177936
k141_13712_1,5,438,3.42488494660703
k141_6445_2,3,420,2.142999438019827
k141_3801_1,15,711,6.3295342051218535
k141_6487_2,22,921,7.166599640717773
k141_9654_1,4,507,2.3670210755248586
k141_8782_1,4,327,3.669968456547717
k141_1586_1,3,381,2.362361585218707
k141_14160_6,12,549,6.557812487929526
k141_14392_1,5,297,5.050840426309358
k141_5899_5,12,645,5.581765978098155
k141_10149_1,6,411,4.379852866025925
k141_1529_1,8,714,3.3615677459134554
k141_11186_2,12,582,6.185977759232492
k141_3960_1,2,255,2.3530974221394185
k141_12068_1,10,660,4.545756383678422
k141_1770_1,7,426,4.929904810468148
k141_4699_2,5,342,4.386256159689705
k141_4964_1,3,174,5.172757264185791
k141_7738_2,8,543,4.4201830029138245
k141_9471_1,6,408,4.4120576665114095
k141_12808_2,7,315,6.667109362728352
k141_12460_1,7,453,4.636069424413755
k141_13400_1,3,411,2.1899264330129626
k141_1809_1,7,522,4.023255649922281
k141_15180_1,6,543,3.315137252185368
k141_6506_1,4,354,3.390055608166959
k141_10153_1,2,243,2.469299763973464
k141_15211_1,6,474,3.7977205230731124
k141_13849_1,4,348,3.4485048427905274
k141_13562_1,5,312,4.808011559659869
k141_14483_1,10,780,3.8464092477278955
k141_11884_1,7,420,5.000332022046264
k141_3101_1,7,561,3.743564080676347
k141_3340_1,13,1002,3.8924740291378104
k141_531_1,8,450,5.333687490182681
k141_15715_1,16,915,5.246249990343621
k141_10999_1,4,306,3.9218290368990307
k141_15621_1,10,489,6.1353767141671955
k141_13636_1,9,444,6.0814848916778885
k141_7072_2,11,561,5.882743555348545
k141_14435_1,9,582,4.639483319424369
k141_6415_1,19,441,12.926028356310072
k141_9358_1,5,324,4.629937057450244
k141_14909_1,5,384,3.906509392223644
k141_8895_1,3,345,2.608868881067616
k141_15497_1,3,228,3.9476305437207344
k141_15171_1,4,387,3.1009810989434192
k141_7485_1,7,582,3.6084870262189535
k141_1300_1,15,834,5.396041750409638
k141_27_1,4,450,2.6668437450913407
k141_12034_3,2,174,3.4485048427905274
k141_10691_1,6,279,6.452041318769372
k141_7858_2,5,426,3.52136057890582
k141_9466_1,5,513,2.92417077312647
k141_5021_1,12,747,4.819597129683146
k141_5691_1,6,570,3.1581044349765883
k141_10797_3,15,720,6.25041502755783
k141_6397_1,9,549,4.918359365947144
k141_14696_1,8,378,6.349627964503193
k141_3966_2,7,792,2.6516912238124126
k141_12281_1,3,171,5.2635073916276465
k141_9683_2,2,246,2.43918635221769
k141_2444_1,7,552,3.80460045155694
k141_4118_1,6,519,3.4684383967950962
k141_10793_2,11,372,8.871556813307887
k141_14016_1,13,648,6.018918174685317
k141_3164_3,9,459,5.882743555348545
k141_8891_2,4,153,7.8436580737980615
k141_3477_1,4,414,2.89874320118624
k141_981_1,7,402,5.224227485719977
k141_14262_1,4,321,3.7385659977915995
k141_7172_1,8,330,7.273210213885475
k141_10121_1,4,354,3.390055608166959
k141_630_1,6,267,6.742020703882603
k141_14749_2,5,291,5.154981466027077
k141_13931_2,2,249,2.409798564841573
k141_14662_1,6,381,4.724723170437414
k141_6008_1,4,399,3.007718509501512
k141_11522_1,4,327,3.669968456547717
k141_7870_1,4,357,3.3615677459134554
k141_1980_1,6,534,3.3710103519413015
k141_3702_1,5,405,3.7039496459601957
k141_12721_1,10,612,4.902286296123789
k141_14011_2,10,474,6.3295342051218535
k141_11230_1,2,366,1.6394531219823816
k141_3825_1,5,411,3.6498773883549376
k141_15628_1,3,312,2.8848069357959214
k141_13670_1,3,315,2.857332584026437
k141_1447_2,4,177,6.780111216333918
k141_2604_2,10,378,7.937034955628991
k141_1307_1,7,396,5.303382447624825
k141_15689_1,6,408,4.4120576665114095
k141_13485_1,2,219,2.739907957285624
k141_5244_1,4,366,3.278906243964763
k141_4556_1,4,459,2.61455269126602
k141_11944_1,3,312,2.8848069357959214
k141_15140_1,4,390,3.0771273981823164
k141_10334_1,2,330,1.8183025534713688
k141_8560_1,6,201,8.955818546948532
k141_14472_1,6,414,4.34811480177936
k141_8328_1,4,372,3.226020659384686
k141_11785_1,7,573,3.6651648329134923
k141_9831_1,5,375,4.0002656176370115
k141_4457_1,2,312,1.9232046238639477
k141_4529_1,4,351,3.4190304424247957
k141_4110_1,9,426,6.338449042030476
k141_5759_1,5,522,2.8737540356587723
k141_6112_4,11,759,4.34811480177936
k141_8813_1,1,159,1.8869177441684015
k141_1526_1,4,321,3.7385659977915995
k141_15600_1,3,327,2.7524763424107874
k141_11216_2,3,222,4.054323261118593
k141_12811_1,4,486,2.469299763973464
k141_14997_2,2,198,3.0305042557856146
k141_12077_1,4,411,2.9199019106839503
k141_14757_1,5,354,4.237569510208699
k141_8888_1,6,510,3.529646133209128
k141_8814_2,2,174,3.4485048427905274
k141_9324_2,4,204,5.882743555348546
k141_9065_2,4,360,3.333554681364176
k141_7101_1,3,381,2.362361585218707
k141_10093_1,1,192,1.5626037568894575
k141_10336_1,2,354,1.6950278040834794
k141_15690_1,1,132,2.2728781918392107
k141_13367_2,8,309,7.767506053664099
k141_11430_2,4,324,3.7039496459601953
k141_4555_1,5,327,4.587460570684645
k141_8568_12,2,198,3.0305042557856146
k141_4989_1,3,324,2.7779622344701465
k141_5562_1,1,171,1.7545024638758822
k141_3437_1,2,243,2.469299763973464
